{
	"credit": "Made with Blockbench",
	"textures": {
		"0": "block/black_concrete",
		"1": "block/bamboo_large_leaves",
		"2": "block/honeycomb_block",
		"3": "block/pink_glazed_terracotta",
		"particle": "block/black_concrete"
	},
	"elements": [
		{
			"from": [4, 4, 4],
			"to": [12, 5, 12],
			"faces": {
				"north": {"uv": [0, 0, 8, 1], "texture": "#0"},
				"east": {"uv": [0, 0, 8, 1], "texture": "#0"},
				"south": {"uv": [0, 0, 8, 1], "texture": "#0"},
				"west": {"uv": [0, 0, 8, 1], "texture": "#0"},
				"up": {"uv": [0, 0, 8, 8], "texture": "#0"},
				"down": {"uv": [0, 0, 8, 8], "texture": "#0"}
			}
		},
		{
			"from": [5, 2, -4],
			"to": [6, 3, 4],
			"rotation": {"angle": -22.5, "axis": "x", "origin": [0, 0, 0]},
			"faces": {
				"north": {"uv": [4, 1, 5, 2], "texture": "#1"},
				"east": {"uv": [4, 1, 12, 2], "texture": "#1"},
				"south": {"uv": [4, 1, 5, 2], "texture": "#1"},
				"west": {"uv": [4, 1, 12, 2], "texture": "#1"},
				"up": {"uv": [4, 3, 5, 11], "texture": "#1"},
				"down": {"uv": [4, 1, 5, 9], "texture": "#1"}
			}
		},
		{
			"from": [6, 2, -3],
			"to": [7, 3, 5],
			"rotation": {"angle": -22.5, "axis": "x", "origin": [0, 0, 0]},
			"faces": {
				"north": {"uv": [4, 1, 5, 2], "texture": "#1"},
				"east": {"uv": [4, 1, 12, 2], "texture": "#1"},
				"south": {"uv": [4, 1, 5, 2], "texture": "#1"},
				"west": {"uv": [4, 1, 12, 2], "texture": "#1"},
				"up": {"uv": [4, 3, 5, 11], "texture": "#1"},
				"down": {"uv": [4, 1, 5, 9], "texture": "#1"}
			}
		},
		{
			"from": [4, 2, -3],
			"to": [5, 3, 3],
			"rotation": {"angle": -22.5, "axis": "x", "origin": [0, 0, 0]},
			"faces": {
				"north": {"uv": [4, 1, 5, 2], "texture": "#1"},
				"east": {"uv": [4, 1, 10, 2], "texture": "#1"},
				"south": {"uv": [4, 1, 5, 2], "texture": "#1"},
				"west": {"uv": [4, 1, 10, 2], "texture": "#1"},
				"up": {"uv": [4, 3, 5, 9], "texture": "#1"},
				"down": {"uv": [4, 1, 5, 7], "texture": "#1"}
			}
		},
		{
			"from": [11, 2, -3],
			"to": [12, 3, 3],
			"rotation": {"angle": -22.5, "axis": "x", "origin": [0, 0, 0]},
			"faces": {
				"north": {"uv": [4, 1, 5, 2], "texture": "#1"},
				"east": {"uv": [4, 1, 10, 2], "texture": "#1"},
				"south": {"uv": [4, 1, 5, 2], "texture": "#1"},
				"west": {"uv": [4, 1, 10, 2], "texture": "#1"},
				"up": {"uv": [4, 3, 5, 9], "texture": "#1"},
				"down": {"uv": [4, 1, 5, 7], "texture": "#1"}
			}
		},
		{
			"from": [10, 2, -4],
			"to": [11, 3, 4],
			"rotation": {"angle": -22.5, "axis": "x", "origin": [0, 0, 0]},
			"faces": {
				"north": {"uv": [4, 1, 5, 2], "texture": "#1"},
				"east": {"uv": [4, 1, 12, 2], "texture": "#1"},
				"south": {"uv": [4, 1, 5, 2], "texture": "#1"},
				"west": {"uv": [4, 1, 12, 2], "texture": "#1"},
				"up": {"uv": [4, 3, 5, 11], "texture": "#1"},
				"down": {"uv": [4, 1, 5, 9], "texture": "#1"}
			}
		},
		{
			"from": [9, 2, -3],
			"to": [10, 3, 5],
			"rotation": {"angle": -22.5, "axis": "x", "origin": [0, 0, 0]},
			"faces": {
				"north": {"uv": [4, 1, 5, 2], "texture": "#1"},
				"east": {"uv": [4, 1, 12, 2], "texture": "#1"},
				"south": {"uv": [4, 1, 5, 2], "texture": "#1"},
				"west": {"uv": [4, 1, 12, 2], "texture": "#1"},
				"up": {"uv": [4, 3, 5, 11], "texture": "#1"},
				"down": {"uv": [4, 1, 5, 9], "texture": "#1"}
			}
		},
		{
			"from": [7, 2, -2],
			"to": [9, 3, 6],
			"rotation": {"angle": -22.5, "axis": "x", "origin": [0, 0, 0]},
			"faces": {
				"north": {"uv": [4, 1, 6, 2], "texture": "#1"},
				"east": {"uv": [4, 1, 12, 2], "texture": "#1"},
				"south": {"uv": [4, 1, 6, 2], "texture": "#1"},
				"west": {"uv": [4, 1, 12, 2], "texture": "#1"},
				"up": {"uv": [4, 3, 5, 11], "texture": "#1"},
				"down": {"uv": [4, 1, 6, 9], "texture": "#1"}
			}
		},
		{
			"from": [5, 2, 12],
			"to": [6, 3, 20],
			"rotation": {"angle": 22.5, "axis": "x", "origin": [0, 0, 16]},
			"faces": {
				"north": {"uv": [5, 1, 4, 2], "texture": "#1"},
				"east": {"uv": [12, 1, 4, 2], "texture": "#1"},
				"south": {"uv": [5, 1, 4, 2], "texture": "#1"},
				"west": {"uv": [12, 1, 4, 2], "texture": "#1"},
				"up": {"uv": [4, 11, 5, 3], "texture": "#1"},
				"down": {"uv": [4, 9, 5, 1], "texture": "#1"}
			}
		},
		{
			"from": [6, 2, 11],
			"to": [7, 3, 19],
			"rotation": {"angle": 22.5, "axis": "x", "origin": [0, 0, 16]},
			"faces": {
				"north": {"uv": [5, 1, 4, 2], "texture": "#1"},
				"east": {"uv": [12, 1, 4, 2], "texture": "#1"},
				"south": {"uv": [5, 1, 4, 2], "texture": "#1"},
				"west": {"uv": [12, 1, 4, 2], "texture": "#1"},
				"up": {"uv": [4, 11, 5, 3], "texture": "#1"},
				"down": {"uv": [4, 9, 5, 1], "texture": "#1"}
			}
		},
		{
			"from": [4, 2, 13],
			"to": [5, 3, 19],
			"rotation": {"angle": 22.5, "axis": "x", "origin": [0, 0, 16]},
			"faces": {
				"north": {"uv": [5, 1, 4, 2], "texture": "#1"},
				"east": {"uv": [10, 1, 4, 2], "texture": "#1"},
				"south": {"uv": [5, 1, 4, 2], "texture": "#1"},
				"west": {"uv": [10, 1, 4, 2], "texture": "#1"},
				"up": {"uv": [4, 9, 5, 3], "texture": "#1"},
				"down": {"uv": [4, 7, 5, 1], "texture": "#1"}
			}
		},
		{
			"from": [11, 2, 13],
			"to": [12, 3, 19],
			"rotation": {"angle": 22.5, "axis": "x", "origin": [0, 0, 16]},
			"faces": {
				"north": {"uv": [5, 1, 4, 2], "texture": "#1"},
				"east": {"uv": [10, 1, 4, 2], "texture": "#1"},
				"south": {"uv": [5, 1, 4, 2], "texture": "#1"},
				"west": {"uv": [10, 1, 4, 2], "texture": "#1"},
				"up": {"uv": [4, 9, 5, 3], "texture": "#1"},
				"down": {"uv": [4, 7, 5, 1], "texture": "#1"}
			}
		},
		{
			"from": [10, 2, 12],
			"to": [11, 3, 20],
			"rotation": {"angle": 22.5, "axis": "x", "origin": [0, 0, 16]},
			"faces": {
				"north": {"uv": [5, 1, 4, 2], "texture": "#1"},
				"east": {"uv": [12, 1, 4, 2], "texture": "#1"},
				"south": {"uv": [5, 1, 4, 2], "texture": "#1"},
				"west": {"uv": [12, 1, 4, 2], "texture": "#1"},
				"up": {"uv": [4, 11, 5, 3], "texture": "#1"},
				"down": {"uv": [4, 9, 5, 1], "texture": "#1"}
			}
		},
		{
			"from": [9, 2, 11],
			"to": [10, 3, 19],
			"rotation": {"angle": 22.5, "axis": "x", "origin": [0, 0, 16]},
			"faces": {
				"north": {"uv": [5, 1, 4, 2], "texture": "#1"},
				"east": {"uv": [12, 1, 4, 2], "texture": "#1"},
				"south": {"uv": [5, 1, 4, 2], "texture": "#1"},
				"west": {"uv": [12, 1, 4, 2], "texture": "#1"},
				"up": {"uv": [4, 11, 5, 3], "texture": "#1"},
				"down": {"uv": [4, 9, 5, 1], "texture": "#1"}
			}
		},
		{
			"from": [7, 2, 10],
			"to": [9, 3, 18],
			"rotation": {"angle": 22.5, "axis": "x", "origin": [0, 0, 16]},
			"faces": {
				"north": {"uv": [6, 1, 4, 2], "texture": "#1"},
				"east": {"uv": [12, 1, 4, 2], "texture": "#1"},
				"south": {"uv": [6, 1, 4, 2], "texture": "#1"},
				"west": {"uv": [12, 1, 4, 2], "texture": "#1"},
				"up": {"uv": [4, 11, 5, 3], "texture": "#1"},
				"down": {"uv": [4, 9, 6, 1], "texture": "#1"}
			}
		},
		{
			"from": [-4, 2, 5],
			"to": [4, 3, 6],
			"rotation": {"angle": 22.5, "axis": "z", "origin": [0, 0, 0]},
			"faces": {
				"north": {"uv": [4, 1, 12, 2], "texture": "#1"},
				"east": {"uv": [4, 1, 5, 2], "texture": "#1"},
				"south": {"uv": [4, 1, 12, 2], "texture": "#1"},
				"west": {"uv": [4, 1, 5, 2], "texture": "#1"},
				"up": {"uv": [4, 3, 5, 11], "rotation": 270, "texture": "#1"},
				"down": {"uv": [4, 1, 5, 9], "rotation": 90, "texture": "#1"}
			}
		},
		{
			"from": [-3, 2, 4],
			"to": [5, 3, 5],
			"rotation": {"angle": 22.5, "axis": "z", "origin": [0, 0, 0]},
			"faces": {
				"north": {"uv": [4, 1, 12, 2], "texture": "#1"},
				"east": {"uv": [4, 1, 5, 2], "texture": "#1"},
				"south": {"uv": [4, 1, 12, 2], "texture": "#1"},
				"west": {"uv": [4, 1, 5, 2], "texture": "#1"},
				"up": {"uv": [4, 3, 5, 11], "rotation": 270, "texture": "#1"},
				"down": {"uv": [4, 1, 5, 9], "rotation": 90, "texture": "#1"}
			}
		},
		{
			"from": [-3, 2, 6],
			"to": [3, 3, 7],
			"rotation": {"angle": 22.5, "axis": "z", "origin": [0, 0, 0]},
			"faces": {
				"north": {"uv": [4, 1, 10, 2], "texture": "#1"},
				"east": {"uv": [4, 1, 5, 2], "texture": "#1"},
				"south": {"uv": [4, 1, 10, 2], "texture": "#1"},
				"west": {"uv": [4, 1, 5, 2], "texture": "#1"},
				"up": {"uv": [4, 3, 5, 9], "rotation": 270, "texture": "#1"},
				"down": {"uv": [4, 1, 5, 7], "rotation": 90, "texture": "#1"}
			}
		},
		{
			"from": [-3, 2, -1],
			"to": [3, 3, 0],
			"rotation": {"angle": 22.5, "axis": "z", "origin": [0, 0, 0]},
			"faces": {
				"north": {"uv": [4, 1, 10, 2], "texture": "#1"},
				"east": {"uv": [4, 1, 5, 2], "texture": "#1"},
				"south": {"uv": [4, 1, 10, 2], "texture": "#1"},
				"west": {"uv": [4, 1, 5, 2], "texture": "#1"},
				"up": {"uv": [4, 3, 5, 9], "rotation": 270, "texture": "#1"},
				"down": {"uv": [4, 1, 5, 7], "rotation": 90, "texture": "#1"}
			}
		},
		{
			"from": [-4, 2, 0],
			"to": [4, 3, 1],
			"rotation": {"angle": 22.5, "axis": "z", "origin": [0, 0, 0]},
			"faces": {
				"north": {"uv": [4, 1, 12, 2], "texture": "#1"},
				"east": {"uv": [4, 1, 5, 2], "texture": "#1"},
				"south": {"uv": [4, 1, 12, 2], "texture": "#1"},
				"west": {"uv": [4, 1, 5, 2], "texture": "#1"},
				"up": {"uv": [4, 3, 5, 11], "rotation": 270, "texture": "#1"},
				"down": {"uv": [4, 1, 5, 9], "rotation": 90, "texture": "#1"}
			}
		},
		{
			"from": [-3, 2, 1],
			"to": [5, 3, 2],
			"rotation": {"angle": 22.5, "axis": "z", "origin": [0, 0, 0]},
			"faces": {
				"north": {"uv": [4, 1, 12, 2], "texture": "#1"},
				"east": {"uv": [4, 1, 5, 2], "texture": "#1"},
				"south": {"uv": [4, 1, 12, 2], "texture": "#1"},
				"west": {"uv": [4, 1, 5, 2], "texture": "#1"},
				"up": {"uv": [4, 3, 5, 11], "rotation": 270, "texture": "#1"},
				"down": {"uv": [4, 1, 5, 9], "rotation": 90, "texture": "#1"}
			}
		},
		{
			"from": [-2, 2, 2],
			"to": [6, 3, 4],
			"rotation": {"angle": 22.5, "axis": "z", "origin": [0, 0, 0]},
			"faces": {
				"north": {"uv": [4, 1, 12, 2], "texture": "#1"},
				"east": {"uv": [4, 1, 6, 2], "texture": "#1"},
				"south": {"uv": [4, 1, 12, 2], "texture": "#1"},
				"west": {"uv": [4, 1, 6, 2], "texture": "#1"},
				"up": {"uv": [4, 3, 5, 11], "rotation": 270, "texture": "#1"},
				"down": {"uv": [4, 1, 6, 9], "rotation": 90, "texture": "#1"}
			}
		},
		{
			"from": [-4, 2, 10],
			"to": [4, 3, 11],
			"rotation": {"angle": 22.5, "axis": "z", "origin": [0, 0, 16]},
			"faces": {
				"north": {"uv": [12, 1, 4, 2], "texture": "#1"},
				"east": {"uv": [5, 1, 4, 2], "texture": "#1"},
				"south": {"uv": [12, 1, 4, 2], "texture": "#1"},
				"west": {"uv": [5, 1, 4, 2], "texture": "#1"},
				"up": {"uv": [5, 3, 4, 11], "rotation": 270, "texture": "#1"},
				"down": {"uv": [5, 1, 4, 9], "rotation": 90, "texture": "#1"}
			}
		},
		{
			"from": [-3, 2, 11],
			"to": [5, 3, 12],
			"rotation": {"angle": 22.5, "axis": "z", "origin": [0, 0, 16]},
			"faces": {
				"north": {"uv": [12, 1, 4, 2], "texture": "#1"},
				"east": {"uv": [5, 1, 4, 2], "texture": "#1"},
				"south": {"uv": [12, 1, 4, 2], "texture": "#1"},
				"west": {"uv": [5, 1, 4, 2], "texture": "#1"},
				"up": {"uv": [5, 3, 4, 11], "rotation": 270, "texture": "#1"},
				"down": {"uv": [5, 1, 4, 9], "rotation": 90, "texture": "#1"}
			}
		},
		{
			"from": [-3, 2, 9],
			"to": [3, 3, 10],
			"rotation": {"angle": 22.5, "axis": "z", "origin": [0, 0, 16]},
			"faces": {
				"north": {"uv": [10, 1, 4, 2], "texture": "#1"},
				"east": {"uv": [5, 1, 4, 2], "texture": "#1"},
				"south": {"uv": [10, 1, 4, 2], "texture": "#1"},
				"west": {"uv": [5, 1, 4, 2], "texture": "#1"},
				"up": {"uv": [5, 3, 4, 9], "rotation": 270, "texture": "#1"},
				"down": {"uv": [5, 1, 4, 7], "rotation": 90, "texture": "#1"}
			}
		},
		{
			"from": [-3, 2, 16],
			"to": [3, 3, 17],
			"rotation": {"angle": 22.5, "axis": "z", "origin": [0, 0, 16]},
			"faces": {
				"north": {"uv": [10, 1, 4, 2], "texture": "#1"},
				"east": {"uv": [5, 1, 4, 2], "texture": "#1"},
				"south": {"uv": [10, 1, 4, 2], "texture": "#1"},
				"west": {"uv": [5, 1, 4, 2], "texture": "#1"},
				"up": {"uv": [5, 3, 4, 9], "rotation": 270, "texture": "#1"},
				"down": {"uv": [5, 1, 4, 7], "rotation": 90, "texture": "#1"}
			}
		},
		{
			"from": [-4, 2, 15],
			"to": [4, 3, 16],
			"rotation": {"angle": 22.5, "axis": "z", "origin": [0, 0, 16]},
			"faces": {
				"north": {"uv": [12, 1, 4, 2], "texture": "#1"},
				"east": {"uv": [5, 1, 4, 2], "texture": "#1"},
				"south": {"uv": [12, 1, 4, 2], "texture": "#1"},
				"west": {"uv": [5, 1, 4, 2], "texture": "#1"},
				"up": {"uv": [5, 3, 4, 11], "rotation": 270, "texture": "#1"},
				"down": {"uv": [5, 1, 4, 9], "rotation": 90, "texture": "#1"}
			}
		},
		{
			"from": [-3, 2, 14],
			"to": [5, 3, 15],
			"rotation": {"angle": 22.5, "axis": "z", "origin": [0, 0, 16]},
			"faces": {
				"north": {"uv": [12, 1, 4, 2], "texture": "#1"},
				"east": {"uv": [5, 1, 4, 2], "texture": "#1"},
				"south": {"uv": [12, 1, 4, 2], "texture": "#1"},
				"west": {"uv": [5, 1, 4, 2], "texture": "#1"},
				"up": {"uv": [5, 3, 4, 11], "rotation": 270, "texture": "#1"},
				"down": {"uv": [5, 1, 4, 9], "rotation": 90, "texture": "#1"}
			}
		},
		{
			"from": [-2, 2, 12],
			"to": [6, 3, 14],
			"rotation": {"angle": 22.5, "axis": "z", "origin": [0, 0, 16]},
			"faces": {
				"north": {"uv": [12, 1, 4, 2], "texture": "#1"},
				"east": {"uv": [6, 1, 4, 2], "texture": "#1"},
				"south": {"uv": [12, 1, 4, 2], "texture": "#1"},
				"west": {"uv": [6, 1, 4, 2], "texture": "#1"},
				"up": {"uv": [5, 3, 4, 11], "rotation": 270, "texture": "#1"},
				"down": {"uv": [6, 1, 4, 9], "rotation": 90, "texture": "#1"}
			}
		},
		{
			"from": [12, 2, 10],
			"to": [20, 3, 11],
			"rotation": {"angle": -22.5, "axis": "z", "origin": [16, 0, 16]},
			"faces": {
				"north": {"uv": [4, 1, 12, 2], "texture": "#1"},
				"east": {"uv": [4, 1, 5, 2], "texture": "#1"},
				"south": {"uv": [4, 1, 12, 2], "texture": "#1"},
				"west": {"uv": [4, 1, 5, 2], "texture": "#1"},
				"up": {"uv": [5, 11, 4, 3], "rotation": 270, "texture": "#1"},
				"down": {"uv": [5, 9, 4, 1], "rotation": 90, "texture": "#1"}
			}
		},
		{
			"from": [11, 2, 11],
			"to": [19, 3, 12],
			"rotation": {"angle": -22.5, "axis": "z", "origin": [16, 0, 16]},
			"faces": {
				"north": {"uv": [4, 1, 12, 2], "texture": "#1"},
				"east": {"uv": [4, 1, 5, 2], "texture": "#1"},
				"south": {"uv": [4, 1, 12, 2], "texture": "#1"},
				"west": {"uv": [4, 1, 5, 2], "texture": "#1"},
				"up": {"uv": [5, 11, 4, 3], "rotation": 270, "texture": "#1"},
				"down": {"uv": [5, 9, 4, 1], "rotation": 90, "texture": "#1"}
			}
		},
		{
			"from": [13, 2, 9],
			"to": [19, 3, 10],
			"rotation": {"angle": -22.5, "axis": "z", "origin": [16, 0, 16]},
			"faces": {
				"north": {"uv": [4, 1, 10, 2], "texture": "#1"},
				"east": {"uv": [4, 1, 5, 2], "texture": "#1"},
				"south": {"uv": [4, 1, 10, 2], "texture": "#1"},
				"west": {"uv": [4, 1, 5, 2], "texture": "#1"},
				"up": {"uv": [5, 9, 4, 3], "rotation": 270, "texture": "#1"},
				"down": {"uv": [5, 7, 4, 1], "rotation": 90, "texture": "#1"}
			}
		},
		{
			"from": [13, 2, 16],
			"to": [19, 3, 17],
			"rotation": {"angle": -22.5, "axis": "z", "origin": [16, 0, 16]},
			"faces": {
				"north": {"uv": [4, 1, 10, 2], "texture": "#1"},
				"east": {"uv": [4, 1, 5, 2], "texture": "#1"},
				"south": {"uv": [4, 1, 10, 2], "texture": "#1"},
				"west": {"uv": [4, 1, 5, 2], "texture": "#1"},
				"up": {"uv": [5, 9, 4, 3], "rotation": 270, "texture": "#1"},
				"down": {"uv": [5, 7, 4, 1], "rotation": 90, "texture": "#1"}
			}
		},
		{
			"from": [12, 2, 15],
			"to": [20, 3, 16],
			"rotation": {"angle": -22.5, "axis": "z", "origin": [16, 0, 16]},
			"faces": {
				"north": {"uv": [4, 1, 12, 2], "texture": "#1"},
				"east": {"uv": [4, 1, 5, 2], "texture": "#1"},
				"south": {"uv": [4, 1, 12, 2], "texture": "#1"},
				"west": {"uv": [4, 1, 5, 2], "texture": "#1"},
				"up": {"uv": [5, 11, 4, 3], "rotation": 270, "texture": "#1"},
				"down": {"uv": [5, 9, 4, 1], "rotation": 90, "texture": "#1"}
			}
		},
		{
			"from": [11, 2, 14],
			"to": [19, 3, 15],
			"rotation": {"angle": -22.5, "axis": "z", "origin": [16, 0, 16]},
			"faces": {
				"north": {"uv": [4, 1, 12, 2], "texture": "#1"},
				"east": {"uv": [4, 1, 5, 2], "texture": "#1"},
				"south": {"uv": [4, 1, 12, 2], "texture": "#1"},
				"west": {"uv": [4, 1, 5, 2], "texture": "#1"},
				"up": {"uv": [5, 11, 4, 3], "rotation": 270, "texture": "#1"},
				"down": {"uv": [5, 9, 4, 1], "rotation": 90, "texture": "#1"}
			}
		},
		{
			"from": [10, 2, 12],
			"to": [18, 3, 14],
			"rotation": {"angle": -22.5, "axis": "z", "origin": [16, 0, 16]},
			"faces": {
				"north": {"uv": [4, 1, 12, 2], "texture": "#1"},
				"east": {"uv": [4, 1, 6, 2], "texture": "#1"},
				"south": {"uv": [4, 1, 12, 2], "texture": "#1"},
				"west": {"uv": [4, 1, 6, 2], "texture": "#1"},
				"up": {"uv": [5, 11, 4, 3], "rotation": 270, "texture": "#1"},
				"down": {"uv": [6, 9, 4, 1], "rotation": 90, "texture": "#1"}
			}
		},
		{
			"from": [12, 2, 5],
			"to": [20, 3, 6],
			"rotation": {"angle": -22.5, "axis": "z", "origin": [16, 0, 0]},
			"faces": {
				"north": {"uv": [12, 1, 4, 2], "texture": "#1"},
				"east": {"uv": [5, 1, 4, 2], "texture": "#1"},
				"south": {"uv": [12, 1, 4, 2], "texture": "#1"},
				"west": {"uv": [5, 1, 4, 2], "texture": "#1"},
				"up": {"uv": [4, 11, 5, 3], "rotation": 270, "texture": "#1"},
				"down": {"uv": [4, 9, 5, 1], "rotation": 90, "texture": "#1"}
			}
		},
		{
			"from": [11, 2, 4],
			"to": [19, 3, 5],
			"rotation": {"angle": -22.5, "axis": "z", "origin": [16, 0, 0]},
			"faces": {
				"north": {"uv": [12, 1, 4, 2], "texture": "#1"},
				"east": {"uv": [5, 1, 4, 2], "texture": "#1"},
				"south": {"uv": [12, 1, 4, 2], "texture": "#1"},
				"west": {"uv": [5, 1, 4, 2], "texture": "#1"},
				"up": {"uv": [4, 11, 5, 3], "rotation": 270, "texture": "#1"},
				"down": {"uv": [4, 9, 5, 1], "rotation": 90, "texture": "#1"}
			}
		},
		{
			"from": [13, 2, 6],
			"to": [19, 3, 7],
			"rotation": {"angle": -22.5, "axis": "z", "origin": [16, 0, 0]},
			"faces": {
				"north": {"uv": [10, 1, 4, 2], "texture": "#1"},
				"east": {"uv": [5, 1, 4, 2], "texture": "#1"},
				"south": {"uv": [10, 1, 4, 2], "texture": "#1"},
				"west": {"uv": [5, 1, 4, 2], "texture": "#1"},
				"up": {"uv": [4, 9, 5, 3], "rotation": 270, "texture": "#1"},
				"down": {"uv": [4, 7, 5, 1], "rotation": 90, "texture": "#1"}
			}
		},
		{
			"from": [13, 2, -1],
			"to": [19, 3, 0],
			"rotation": {"angle": -22.5, "axis": "z", "origin": [16, 0, 0]},
			"faces": {
				"north": {"uv": [10, 1, 4, 2], "texture": "#1"},
				"east": {"uv": [5, 1, 4, 2], "texture": "#1"},
				"south": {"uv": [10, 1, 4, 2], "texture": "#1"},
				"west": {"uv": [5, 1, 4, 2], "texture": "#1"},
				"up": {"uv": [4, 9, 5, 3], "rotation": 270, "texture": "#1"},
				"down": {"uv": [4, 7, 5, 1], "rotation": 90, "texture": "#1"}
			}
		},
		{
			"from": [12, 2, 0],
			"to": [20, 3, 1],
			"rotation": {"angle": -22.5, "axis": "z", "origin": [16, 0, 0]},
			"faces": {
				"north": {"uv": [12, 1, 4, 2], "texture": "#1"},
				"east": {"uv": [5, 1, 4, 2], "texture": "#1"},
				"south": {"uv": [12, 1, 4, 2], "texture": "#1"},
				"west": {"uv": [5, 1, 4, 2], "texture": "#1"},
				"up": {"uv": [4, 11, 5, 3], "rotation": 270, "texture": "#1"},
				"down": {"uv": [4, 9, 5, 1], "rotation": 90, "texture": "#1"}
			}
		},
		{
			"from": [11, 2, 1],
			"to": [19, 3, 2],
			"rotation": {"angle": -22.5, "axis": "z", "origin": [16, 0, 0]},
			"faces": {
				"north": {"uv": [12, 1, 4, 2], "texture": "#1"},
				"east": {"uv": [5, 1, 4, 2], "texture": "#1"},
				"south": {"uv": [12, 1, 4, 2], "texture": "#1"},
				"west": {"uv": [5, 1, 4, 2], "texture": "#1"},
				"up": {"uv": [4, 11, 5, 3], "rotation": 270, "texture": "#1"},
				"down": {"uv": [4, 9, 5, 1], "rotation": 90, "texture": "#1"}
			}
		},
		{
			"from": [10, 2, 2],
			"to": [18, 3, 4],
			"rotation": {"angle": -22.5, "axis": "z", "origin": [16, 0, 0]},
			"faces": {
				"north": {"uv": [12, 1, 4, 2], "texture": "#1"},
				"east": {"uv": [6, 1, 4, 2], "texture": "#1"},
				"south": {"uv": [12, 1, 4, 2], "texture": "#1"},
				"west": {"uv": [6, 1, 4, 2], "texture": "#1"},
				"up": {"uv": [4, 11, 5, 3], "rotation": 270, "texture": "#1"},
				"down": {"uv": [4, 9, 6, 1], "rotation": 90, "texture": "#1"}
			}
		},
		{
			"from": [4, 6.2, 5],
			"to": [12, 7.2, 11],
			"faces": {
				"north": {"uv": [0, 0, 8, 1], "texture": "#0"},
				"east": {"uv": [0, 0, 8, 1], "texture": "#0"},
				"south": {"uv": [0, 0, 8, 1], "texture": "#0"},
				"west": {"uv": [0, 0, 8, 1], "texture": "#0"},
				"up": {"uv": [0, 0, 8, 8], "texture": "#0"},
				"down": {"uv": [0, 0, 8, 8], "texture": "#0"}
			}
		},
		{
			"from": [5, 6.2, 4],
			"to": [11, 7.2, 5],
			"faces": {
				"north": {"uv": [0, 0, 6, 1], "texture": "#0"},
				"east": {"uv": [0, 0, 1, 1], "texture": "#0"},
				"south": {"uv": [0, 0, 6, 1], "texture": "#0"},
				"west": {"uv": [0, 0, 1, 1], "texture": "#0"},
				"up": {"uv": [0, 0, 6, 1], "texture": "#0"},
				"down": {"uv": [0, 0, 6, 1], "texture": "#0"}
			}
		},
		{
			"from": [5, 6.2, 11],
			"to": [11, 7.2, 12],
			"faces": {
				"north": {"uv": [0, 0, 6, 1], "texture": "#0"},
				"east": {"uv": [0, 0, 1, 1], "texture": "#0"},
				"south": {"uv": [0, 0, 6, 1], "texture": "#0"},
				"west": {"uv": [0, 0, 1, 1], "texture": "#0"},
				"up": {"uv": [0, 0, 6, 1], "texture": "#0"},
				"down": {"uv": [0, 0, 6, 1], "texture": "#0"}
			}
		},
		{
			"from": [3, 6.1, 3],
			"to": [13, 7.1, 13],
			"faces": {
				"north": {"uv": [0, 0, 8, 1], "texture": "#2"},
				"east": {"uv": [0, 0, 8, 1], "texture": "#2"},
				"south": {"uv": [0, 0, 8, 1], "texture": "#2"},
				"west": {"uv": [0, 0, 8, 1], "texture": "#2"},
				"up": {"uv": [0, 0, 8, 8], "texture": "#2"},
				"down": {"uv": [0, 0, 8, 8], "texture": "#2"}
			}
		},
		{
			"from": [5, 6, -1],
			"to": [6, 7, 1],
			"faces": {
				"north": {"uv": [4, 1, 5, 2], "texture": "#1"},
				"east": {"uv": [4, 1, 6, 2], "texture": "#1"},
				"south": {"uv": [4, 1, 5, 2], "texture": "#1"},
				"west": {"uv": [4, 1, 6, 2], "texture": "#1"},
				"up": {"uv": [4, 1, 5, 3], "texture": "#1"},
				"down": {"uv": [4, 1, 5, 3], "texture": "#1"}
			}
		},
		{
			"from": [6, 6, -2],
			"to": [7, 7, 2],
			"faces": {
				"north": {"uv": [4, 1, 5, 2], "texture": "#1"},
				"east": {"uv": [4, 1, 8, 2], "texture": "#1"},
				"south": {"uv": [4, 1, 5, 2], "texture": "#1"},
				"west": {"uv": [4, 1, 8, 2], "texture": "#1"},
				"up": {"uv": [4, 1, 5, 5], "texture": "#1"},
				"down": {"uv": [4, 1, 5, 5], "texture": "#1"}
			}
		},
		{
			"from": [10, 6, -1],
			"to": [11, 7, 1],
			"faces": {
				"north": {"uv": [4, 1, 5, 2], "texture": "#1"},
				"east": {"uv": [4, 1, 6, 2], "texture": "#1"},
				"south": {"uv": [4, 1, 5, 2], "texture": "#1"},
				"west": {"uv": [4, 1, 6, 2], "texture": "#1"},
				"up": {"uv": [4, 1, 5, 3], "texture": "#1"},
				"down": {"uv": [4, 1, 5, 3], "texture": "#1"}
			}
		},
		{
			"from": [9, 6, -2],
			"to": [10, 7, 2],
			"faces": {
				"north": {"uv": [4, 1, 5, 2], "texture": "#1"},
				"east": {"uv": [4, 1, 8, 2], "texture": "#1"},
				"south": {"uv": [4, 1, 5, 2], "texture": "#1"},
				"west": {"uv": [4, 1, 8, 2], "texture": "#1"},
				"up": {"uv": [4, 1, 5, 5], "texture": "#1"},
				"down": {"uv": [4, 1, 5, 5], "texture": "#1"}
			}
		},
		{
			"from": [7, 6, -3],
			"to": [9, 7, 3],
			"faces": {
				"north": {"uv": [4, 1, 6, 2], "texture": "#1"},
				"east": {"uv": [4, 1, 10, 2], "texture": "#1"},
				"south": {"uv": [4, 1, 6, 2], "texture": "#1"},
				"west": {"uv": [4, 1, 10, 2], "texture": "#1"},
				"up": {"uv": [4, 1, 6, 7], "texture": "#1"},
				"down": {"uv": [4, 1, 6, 7], "texture": "#1"}
			}
		},
		{
			"from": [-1, 6, 10],
			"to": [1, 7, 11],
			"faces": {
				"north": {"uv": [4, 1, 6, 2], "texture": "#1"},
				"east": {"uv": [4, 1, 5, 2], "texture": "#1"},
				"south": {"uv": [4, 1, 6, 2], "texture": "#1"},
				"west": {"uv": [4, 1, 5, 2], "texture": "#1"},
				"up": {"uv": [4, 1, 5, 3], "rotation": 270, "texture": "#1"},
				"down": {"uv": [4, 1, 5, 3], "rotation": 90, "texture": "#1"}
			}
		},
		{
			"from": [-2, 6, 9],
			"to": [2, 7, 10],
			"faces": {
				"north": {"uv": [4, 1, 8, 2], "texture": "#1"},
				"east": {"uv": [4, 1, 5, 2], "texture": "#1"},
				"south": {"uv": [4, 1, 8, 2], "texture": "#1"},
				"west": {"uv": [4, 1, 5, 2], "texture": "#1"},
				"up": {"uv": [4, 1, 5, 5], "rotation": 270, "texture": "#1"},
				"down": {"uv": [4, 1, 5, 5], "rotation": 90, "texture": "#1"}
			}
		},
		{
			"from": [-1, 6, 5],
			"to": [1, 7, 6],
			"faces": {
				"north": {"uv": [4, 1, 6, 2], "texture": "#1"},
				"east": {"uv": [4, 1, 5, 2], "texture": "#1"},
				"south": {"uv": [4, 1, 6, 2], "texture": "#1"},
				"west": {"uv": [4, 1, 5, 2], "texture": "#1"},
				"up": {"uv": [4, 1, 5, 3], "rotation": 270, "texture": "#1"},
				"down": {"uv": [4, 1, 5, 3], "rotation": 90, "texture": "#1"}
			}
		},
		{
			"from": [-2, 6, 6],
			"to": [2, 7, 7],
			"faces": {
				"north": {"uv": [4, 1, 8, 2], "texture": "#1"},
				"east": {"uv": [4, 1, 5, 2], "texture": "#1"},
				"south": {"uv": [4, 1, 8, 2], "texture": "#1"},
				"west": {"uv": [4, 1, 5, 2], "texture": "#1"},
				"up": {"uv": [4, 1, 5, 5], "rotation": 270, "texture": "#1"},
				"down": {"uv": [4, 1, 5, 5], "rotation": 90, "texture": "#1"}
			}
		},
		{
			"from": [-3, 6, 7],
			"to": [3, 7, 9],
			"faces": {
				"north": {"uv": [4, 1, 10, 2], "texture": "#1"},
				"east": {"uv": [4, 1, 6, 2], "texture": "#1"},
				"south": {"uv": [4, 1, 10, 2], "texture": "#1"},
				"west": {"uv": [4, 1, 6, 2], "texture": "#1"},
				"up": {"uv": [4, 1, 6, 7], "rotation": 270, "texture": "#1"},
				"down": {"uv": [4, 1, 6, 7], "rotation": 90, "texture": "#1"}
			}
		},
		{
			"from": [10, 6, 15],
			"to": [11, 7, 17],
			"faces": {
				"north": {"uv": [4, 1, 5, 2], "texture": "#1"},
				"east": {"uv": [4, 1, 6, 2], "texture": "#1"},
				"south": {"uv": [4, 1, 5, 2], "texture": "#1"},
				"west": {"uv": [4, 1, 6, 2], "texture": "#1"},
				"up": {"uv": [4, 1, 5, 3], "rotation": 180, "texture": "#1"},
				"down": {"uv": [4, 1, 5, 3], "rotation": 180, "texture": "#1"}
			}
		},
		{
			"from": [9, 6, 14],
			"to": [10, 7, 18],
			"faces": {
				"north": {"uv": [4, 1, 5, 2], "texture": "#1"},
				"east": {"uv": [4, 1, 8, 2], "texture": "#1"},
				"south": {"uv": [4, 1, 5, 2], "texture": "#1"},
				"west": {"uv": [4, 1, 8, 2], "texture": "#1"},
				"up": {"uv": [4, 1, 5, 5], "rotation": 180, "texture": "#1"},
				"down": {"uv": [4, 1, 5, 5], "rotation": 180, "texture": "#1"}
			}
		},
		{
			"from": [5, 6, 15],
			"to": [6, 7, 17],
			"faces": {
				"north": {"uv": [4, 1, 5, 2], "texture": "#1"},
				"east": {"uv": [4, 1, 6, 2], "texture": "#1"},
				"south": {"uv": [4, 1, 5, 2], "texture": "#1"},
				"west": {"uv": [4, 1, 6, 2], "texture": "#1"},
				"up": {"uv": [4, 1, 5, 3], "rotation": 180, "texture": "#1"},
				"down": {"uv": [4, 1, 5, 3], "rotation": 180, "texture": "#1"}
			}
		},
		{
			"from": [6, 6, 14],
			"to": [7, 7, 18],
			"faces": {
				"north": {"uv": [4, 1, 5, 2], "texture": "#1"},
				"east": {"uv": [4, 1, 8, 2], "texture": "#1"},
				"south": {"uv": [4, 1, 5, 2], "texture": "#1"},
				"west": {"uv": [4, 1, 8, 2], "texture": "#1"},
				"up": {"uv": [4, 1, 5, 5], "rotation": 180, "texture": "#1"},
				"down": {"uv": [4, 1, 5, 5], "rotation": 180, "texture": "#1"}
			}
		},
		{
			"from": [7, 6, 13],
			"to": [9, 7, 19],
			"faces": {
				"north": {"uv": [4, 1, 6, 2], "texture": "#1"},
				"east": {"uv": [4, 1, 10, 2], "texture": "#1"},
				"south": {"uv": [4, 1, 6, 2], "texture": "#1"},
				"west": {"uv": [4, 1, 10, 2], "texture": "#1"},
				"up": {"uv": [4, 1, 6, 7], "rotation": 180, "texture": "#1"},
				"down": {"uv": [4, 1, 6, 7], "rotation": 180, "texture": "#1"}
			}
		},
		{
			"from": [15, 6, 5],
			"to": [17, 7, 6],
			"faces": {
				"north": {"uv": [4, 1, 6, 2], "texture": "#1"},
				"east": {"uv": [4, 1, 5, 2], "texture": "#1"},
				"south": {"uv": [4, 1, 6, 2], "texture": "#1"},
				"west": {"uv": [4, 1, 5, 2], "texture": "#1"},
				"up": {"uv": [4, 1, 5, 3], "rotation": 90, "texture": "#1"},
				"down": {"uv": [4, 1, 5, 3], "rotation": 270, "texture": "#1"}
			}
		},
		{
			"from": [14, 6, 6],
			"to": [18, 7, 7],
			"faces": {
				"north": {"uv": [4, 1, 8, 2], "texture": "#1"},
				"east": {"uv": [4, 1, 5, 2], "texture": "#1"},
				"south": {"uv": [4, 1, 8, 2], "texture": "#1"},
				"west": {"uv": [4, 1, 5, 2], "texture": "#1"},
				"up": {"uv": [4, 1, 5, 5], "rotation": 90, "texture": "#1"},
				"down": {"uv": [4, 1, 5, 5], "rotation": 270, "texture": "#1"}
			}
		},
		{
			"from": [15, 6, 10],
			"to": [17, 7, 11],
			"faces": {
				"north": {"uv": [4, 1, 6, 2], "texture": "#1"},
				"east": {"uv": [4, 1, 5, 2], "texture": "#1"},
				"south": {"uv": [4, 1, 6, 2], "texture": "#1"},
				"west": {"uv": [4, 1, 5, 2], "texture": "#1"},
				"up": {"uv": [4, 1, 5, 3], "rotation": 90, "texture": "#1"},
				"down": {"uv": [4, 1, 5, 3], "rotation": 270, "texture": "#1"}
			}
		},
		{
			"from": [14, 6, 9],
			"to": [18, 7, 10],
			"faces": {
				"north": {"uv": [4, 1, 8, 2], "texture": "#1"},
				"east": {"uv": [4, 1, 5, 2], "texture": "#1"},
				"south": {"uv": [4, 1, 8, 2], "texture": "#1"},
				"west": {"uv": [4, 1, 5, 2], "texture": "#1"},
				"up": {"uv": [4, 1, 5, 5], "rotation": 90, "texture": "#1"},
				"down": {"uv": [4, 1, 5, 5], "rotation": 270, "texture": "#1"}
			}
		},
		{
			"from": [13, 6, 7],
			"to": [19, 7, 9],
			"faces": {
				"north": {"uv": [4, 1, 10, 2], "texture": "#1"},
				"east": {"uv": [4, 1, 6, 2], "texture": "#1"},
				"south": {"uv": [4, 1, 10, 2], "texture": "#1"},
				"west": {"uv": [4, 1, 6, 2], "texture": "#1"},
				"up": {"uv": [4, 1, 6, 7], "rotation": 90, "texture": "#1"},
				"down": {"uv": [4, 1, 6, 7], "rotation": 270, "texture": "#1"}
			}
		},
		{
			"from": [-3, 6, 1],
			"to": [-2, 7, 4],
			"rotation": {"angle": 45, "axis": "y", "origin": [0, 0, 0]},
			"faces": {
				"north": {"uv": [4, 1, 5, 2], "texture": "#3"},
				"east": {"uv": [4, 1, 6, 2], "texture": "#3"},
				"south": {"uv": [4, 1, 5, 2], "texture": "#3"},
				"west": {"uv": [4, 1, 6, 2], "texture": "#3"},
				"up": {"uv": [4, 1, 5, 3], "texture": "#3"},
				"down": {"uv": [4, 1, 5, 3], "texture": "#3"}
			}
		},
		{
			"from": [-2, 6, 0],
			"to": [-1, 7, 5],
			"rotation": {"angle": 45, "axis": "y", "origin": [0, 0, 0]},
			"faces": {
				"north": {"uv": [4, 1, 5, 2], "texture": "#3"},
				"east": {"uv": [4, 1, 8, 2], "texture": "#3"},
				"south": {"uv": [4, 1, 5, 2], "texture": "#3"},
				"west": {"uv": [4, 1, 8, 2], "texture": "#3"},
				"up": {"uv": [4, 1, 5, 5], "texture": "#3"},
				"down": {"uv": [4, 1, 5, 5], "texture": "#3"}
			}
		},
		{
			"from": [2, 6, 1],
			"to": [3, 7, 4],
			"rotation": {"angle": 45, "axis": "y", "origin": [0, 0, 0]},
			"faces": {
				"north": {"uv": [4, 1, 5, 2], "texture": "#3"},
				"east": {"uv": [4, 1, 6, 2], "texture": "#3"},
				"south": {"uv": [4, 1, 5, 2], "texture": "#3"},
				"west": {"uv": [4, 1, 6, 2], "texture": "#3"},
				"up": {"uv": [4, 1, 5, 3], "texture": "#3"},
				"down": {"uv": [4, 1, 5, 3], "texture": "#3"}
			}
		},
		{
			"from": [1, 6, 0],
			"to": [2, 7, 5],
			"rotation": {"angle": 45, "axis": "y", "origin": [0, 0, 0]},
			"faces": {
				"north": {"uv": [4, 1, 5, 2], "texture": "#3"},
				"east": {"uv": [4, 1, 8, 2], "texture": "#3"},
				"south": {"uv": [4, 1, 5, 2], "texture": "#3"},
				"west": {"uv": [4, 1, 8, 2], "texture": "#3"},
				"up": {"uv": [4, 1, 5, 5], "texture": "#3"},
				"down": {"uv": [4, 1, 5, 5], "texture": "#3"}
			}
		},
		{
			"from": [-1, 6, -1],
			"to": [1, 7, 6],
			"rotation": {"angle": 45, "axis": "y", "origin": [0, 0, 0]},
			"faces": {
				"north": {"uv": [4, 1, 6, 2], "texture": "#3"},
				"east": {"uv": [4, 1, 10, 2], "texture": "#3"},
				"south": {"uv": [4, 1, 6, 2], "texture": "#3"},
				"west": {"uv": [4, 1, 10, 2], "texture": "#3"},
				"up": {"uv": [4, 1, 6, 7], "texture": "#3"},
				"down": {"uv": [4, 1, 6, 7], "texture": "#3"}
			}
		},
		{
			"from": [18, 6, 1],
			"to": [19, 7, 4],
			"rotation": {"angle": -45, "axis": "y", "origin": [16, 0, 0]},
			"faces": {
				"north": {"uv": [5, 1, 4, 2], "texture": "#3"},
				"east": {"uv": [6, 1, 4, 2], "texture": "#3"},
				"south": {"uv": [5, 1, 4, 2], "texture": "#3"},
				"west": {"uv": [6, 1, 4, 2], "texture": "#3"},
				"up": {"uv": [5, 1, 4, 3], "texture": "#3"},
				"down": {"uv": [5, 1, 4, 3], "texture": "#3"}
			}
		},
		{
			"from": [17, 6, 0],
			"to": [18, 7, 5],
			"rotation": {"angle": -45, "axis": "y", "origin": [16, 0, 0]},
			"faces": {
				"north": {"uv": [5, 1, 4, 2], "texture": "#3"},
				"east": {"uv": [8, 1, 4, 2], "texture": "#3"},
				"south": {"uv": [5, 1, 4, 2], "texture": "#3"},
				"west": {"uv": [8, 1, 4, 2], "texture": "#3"},
				"up": {"uv": [5, 1, 4, 5], "texture": "#3"},
				"down": {"uv": [5, 1, 4, 5], "texture": "#3"}
			}
		},
		{
			"from": [13, 6, 1],
			"to": [14, 7, 4],
			"rotation": {"angle": -45, "axis": "y", "origin": [16, 0, 0]},
			"faces": {
				"north": {"uv": [5, 1, 4, 2], "texture": "#3"},
				"east": {"uv": [6, 1, 4, 2], "texture": "#3"},
				"south": {"uv": [5, 1, 4, 2], "texture": "#3"},
				"west": {"uv": [6, 1, 4, 2], "texture": "#3"},
				"up": {"uv": [5, 1, 4, 3], "texture": "#3"},
				"down": {"uv": [5, 1, 4, 3], "texture": "#3"}
			}
		},
		{
			"from": [14, 6, 0],
			"to": [15, 7, 5],
			"rotation": {"angle": -45, "axis": "y", "origin": [16, 0, 0]},
			"faces": {
				"north": {"uv": [5, 1, 4, 2], "texture": "#3"},
				"east": {"uv": [8, 1, 4, 2], "texture": "#3"},
				"south": {"uv": [5, 1, 4, 2], "texture": "#3"},
				"west": {"uv": [8, 1, 4, 2], "texture": "#3"},
				"up": {"uv": [5, 1, 4, 5], "texture": "#3"},
				"down": {"uv": [5, 1, 4, 5], "texture": "#3"}
			}
		},
		{
			"from": [15, 6, -1],
			"to": [17, 7, 6],
			"rotation": {"angle": -45, "axis": "y", "origin": [16, 0, 0]},
			"faces": {
				"north": {"uv": [6, 1, 4, 2], "texture": "#3"},
				"east": {"uv": [10, 1, 4, 2], "texture": "#3"},
				"south": {"uv": [6, 1, 4, 2], "texture": "#3"},
				"west": {"uv": [10, 1, 4, 2], "texture": "#3"},
				"up": {"uv": [6, 1, 4, 7], "texture": "#3"},
				"down": {"uv": [6, 1, 4, 7], "texture": "#3"}
			}
		},
		{
			"from": [-3, 6, 12],
			"to": [-2, 7, 15],
			"rotation": {"angle": -45, "axis": "y", "origin": [0, 0, 16]},
			"faces": {
				"north": {"uv": [5, 1, 4, 2], "texture": "#3"},
				"east": {"uv": [6, 1, 4, 2], "texture": "#3"},
				"south": {"uv": [5, 1, 4, 2], "texture": "#3"},
				"west": {"uv": [6, 1, 4, 2], "texture": "#3"},
				"up": {"uv": [4, 3, 5, 1], "texture": "#3"},
				"down": {"uv": [4, 3, 5, 1], "texture": "#3"}
			}
		},
		{
			"from": [-2, 6, 11],
			"to": [-1, 7, 16],
			"rotation": {"angle": -45, "axis": "y", "origin": [0, 0, 16]},
			"faces": {
				"north": {"uv": [5, 1, 4, 2], "texture": "#3"},
				"east": {"uv": [8, 1, 4, 2], "texture": "#3"},
				"south": {"uv": [5, 1, 4, 2], "texture": "#3"},
				"west": {"uv": [8, 1, 4, 2], "texture": "#3"},
				"up": {"uv": [4, 5, 5, 1], "texture": "#3"},
				"down": {"uv": [4, 5, 5, 1], "texture": "#3"}
			}
		},
		{
			"from": [2, 6, 12],
			"to": [3, 7, 15],
			"rotation": {"angle": -45, "axis": "y", "origin": [0, 0, 16]},
			"faces": {
				"north": {"uv": [5, 1, 4, 2], "texture": "#3"},
				"east": {"uv": [6, 1, 4, 2], "texture": "#3"},
				"south": {"uv": [5, 1, 4, 2], "texture": "#3"},
				"west": {"uv": [6, 1, 4, 2], "texture": "#3"},
				"up": {"uv": [4, 3, 5, 1], "texture": "#3"},
				"down": {"uv": [4, 3, 5, 1], "texture": "#3"}
			}
		},
		{
			"from": [1, 6, 11],
			"to": [2, 7, 16],
			"rotation": {"angle": -45, "axis": "y", "origin": [0, 0, 16]},
			"faces": {
				"north": {"uv": [5, 1, 4, 2], "texture": "#3"},
				"east": {"uv": [8, 1, 4, 2], "texture": "#3"},
				"south": {"uv": [5, 1, 4, 2], "texture": "#3"},
				"west": {"uv": [8, 1, 4, 2], "texture": "#3"},
				"up": {"uv": [4, 5, 5, 1], "texture": "#3"},
				"down": {"uv": [4, 5, 5, 1], "texture": "#3"}
			}
		},
		{
			"from": [-1, 6, 10],
			"to": [1, 7, 17],
			"rotation": {"angle": -45, "axis": "y", "origin": [0, 0, 16]},
			"faces": {
				"north": {"uv": [6, 1, 4, 2], "texture": "#3"},
				"east": {"uv": [10, 1, 4, 2], "texture": "#3"},
				"south": {"uv": [6, 1, 4, 2], "texture": "#3"},
				"west": {"uv": [10, 1, 4, 2], "texture": "#3"},
				"up": {"uv": [4, 7, 6, 1], "texture": "#3"},
				"down": {"uv": [4, 7, 6, 1], "texture": "#3"}
			}
		},
		{
			"from": [18, 6, 12],
			"to": [19, 7, 15],
			"rotation": {"angle": 45, "axis": "y", "origin": [16, 0, 16]},
			"faces": {
				"north": {"uv": [4, 1, 5, 2], "texture": "#3"},
				"east": {"uv": [4, 1, 6, 2], "texture": "#3"},
				"south": {"uv": [4, 1, 5, 2], "texture": "#3"},
				"west": {"uv": [4, 1, 6, 2], "texture": "#3"},
				"up": {"uv": [5, 3, 4, 1], "texture": "#3"},
				"down": {"uv": [5, 3, 4, 1], "texture": "#3"}
			}
		},
		{
			"from": [17, 6, 11],
			"to": [18, 7, 16],
			"rotation": {"angle": 45, "axis": "y", "origin": [16, 0, 16]},
			"faces": {
				"north": {"uv": [4, 1, 5, 2], "texture": "#3"},
				"east": {"uv": [4, 1, 8, 2], "texture": "#3"},
				"south": {"uv": [4, 1, 5, 2], "texture": "#3"},
				"west": {"uv": [4, 1, 8, 2], "texture": "#3"},
				"up": {"uv": [5, 5, 4, 1], "texture": "#3"},
				"down": {"uv": [5, 5, 4, 1], "texture": "#3"}
			}
		},
		{
			"from": [13, 6, 12],
			"to": [14, 7, 15],
			"rotation": {"angle": 45, "axis": "y", "origin": [16, 0, 16]},
			"faces": {
				"north": {"uv": [4, 1, 5, 2], "texture": "#3"},
				"east": {"uv": [4, 1, 6, 2], "texture": "#3"},
				"south": {"uv": [4, 1, 5, 2], "texture": "#3"},
				"west": {"uv": [4, 1, 6, 2], "texture": "#3"},
				"up": {"uv": [5, 3, 4, 1], "texture": "#3"},
				"down": {"uv": [5, 3, 4, 1], "texture": "#3"}
			}
		},
		{
			"from": [14, 6, 11],
			"to": [15, 7, 16],
			"rotation": {"angle": 45, "axis": "y", "origin": [16, 0, 16]},
			"faces": {
				"north": {"uv": [4, 1, 5, 2], "texture": "#3"},
				"east": {"uv": [4, 1, 8, 2], "texture": "#3"},
				"south": {"uv": [4, 1, 5, 2], "texture": "#3"},
				"west": {"uv": [4, 1, 8, 2], "texture": "#3"},
				"up": {"uv": [5, 5, 4, 1], "texture": "#3"},
				"down": {"uv": [5, 5, 4, 1], "texture": "#3"}
			}
		},
		{
			"from": [15, 6, 10],
			"to": [17, 7, 17],
			"rotation": {"angle": 45, "axis": "y", "origin": [16, 0, 16]},
			"faces": {
				"north": {"uv": [4, 1, 6, 2], "texture": "#3"},
				"east": {"uv": [4, 1, 10, 2], "texture": "#3"},
				"south": {"uv": [4, 1, 6, 2], "texture": "#3"},
				"west": {"uv": [4, 1, 10, 2], "texture": "#3"},
				"up": {"uv": [6, 7, 4, 1], "texture": "#3"},
				"down": {"uv": [6, 7, 4, 1], "texture": "#3"}
			}
		}
	],
	"display": {
		"ground": {
			"translation": [0, 6, 0]
		},
		"gui": {
			"rotation": [31, -30, 0],
			"scale": [0.5, 0.5, 0.5]
		},
		"head": {
			"translation": [0, -3, 0],
			"scale": [2, 2, 2]
		},
		"fixed": {
			"rotation": [-90, 0, 0],
			"translation": [0, 0, -5.25],
			"scale": [0.75, 0.75, 0.75]
		}
	},
	"groups": [
		{
			"name": "Shadow",
			"origin": [8, 8, 8],
			"children": [0]
		},
		{
			"name": "Leaves",
			"origin": [8, 8, 8],
			"children": [
				{
					"name": "1",
					"origin": [8, 8, 8],
					"children": [1, 2, 3, 4, 5, 6, 7]
				},
				{
					"name": "2",
					"origin": [8, 8, 8],
					"children": [8, 9, 10, 11, 12, 13, 14]
				},
				{
					"name": "3",
					"origin": [8, 8, 8],
					"children": [15, 16, 17, 18, 19, 20, 21]
				},
				{
					"name": "4",
					"origin": [8, 8, 8],
					"children": [22, 23, 24, 25, 26, 27, 28]
				},
				{
					"name": "5",
					"origin": [8, 8, 8],
					"children": [29, 30, 31, 32, 33, 34, 35]
				},
				{
					"name": "6",
					"origin": [8, 8, 8],
					"children": [36, 37, 38, 39, 40, 41, 42]
				}
			]
		},
		{
			"name": "Flower",
			"origin": [8, 8, 8],
			"children": [43, 44, 45, 46,
				{
					"name": "1",
					"origin": [8, 8, 8],
					"children": [47, 48, 49, 50, 51]
				},
				{
					"name": "2",
					"origin": [8, 8, 8],
					"children": [52, 53, 54, 55, 56]
				},
				{
					"name": "3",
					"origin": [8, 8, 8],
					"children": [57, 58, 59, 60, 61]
				},
				{
					"name": "4",
					"origin": [8, 8, 8],
					"children": [62, 63, 64, 65, 66]
				},
				{
					"name": "5",
					"origin": [8, 8, 8],
					"children": [67, 68, 69, 70, 71]
				},
				{
					"name": "6",
					"origin": [8, 8, 8],
					"children": [72, 73, 74, 75, 76]
				},
				{
					"name": "7",
					"origin": [8, 8, 8],
					"children": [77, 78, 79, 80, 81]
				},
				{
					"name": "8",
					"origin": [8, 8, 8],
					"children": [82, 83, 84, 85, 86]
				}
			]
		}
	]
}