{
	"credit": "Made with Blockbench",
	"textures": {
		"0": "block/oak_log",
		"1": "block/hay_block_top",
		"2": "block/coal_block",
		"3": "block/shroomlight",
		"4": "block/bamboo_large_leaves",
		"particle": "block/oak_log"
	},
	"elements": [
		{
			"from": [5, 0, 6],
			"to": [11, 1, 8],
			"faces": {
				"north": {"uv": [0, 1, 6, 2], "texture": "#0"},
				"east": {"uv": [3, 1, 5, 2], "texture": "#0"},
				"south": {"uv": [0, 1, 6, 2], "texture": "#0"},
				"west": {"uv": [3, 1, 5, 2], "texture": "#0"},
				"up": {"uv": [5, 4, 11, 6], "texture": "#0"},
				"down": {"uv": [1, 3, 7, 5], "texture": "#0"}
			}
		},
		{
			"from": [5, 1, 5],
			"to": [11, 2, 6],
			"faces": {
				"north": {"uv": [0, 1, 6, 2], "texture": "#0"},
				"east": {"uv": [3, 1, 4, 2], "texture": "#0"},
				"south": {"uv": [0, 1, 6, 2], "texture": "#0"},
				"west": {"uv": [3, 1, 4, 2], "texture": "#0"},
				"up": {"uv": [5, 4, 11, 5], "texture": "#0"},
				"down": {"uv": [1, 3, 7, 4], "texture": "#0"}
			}
		},
		{
			"from": [5, 2, 4],
			"to": [11, 4, 5],
			"faces": {
				"north": {"uv": [0, 1, 6, 3], "texture": "#0"},
				"east": {"uv": [3, 1, 4, 3], "texture": "#0"},
				"south": {"uv": [0, 1, 6, 3], "texture": "#0"},
				"west": {"uv": [3, 1, 4, 3], "texture": "#0"},
				"up": {"uv": [5, 4, 11, 5], "texture": "#0"},
				"down": {"uv": [1, 3, 7, 4], "texture": "#0"}
			}
		},
		{
			"from": [5, 4, 3],
			"to": [11, 5, 4],
			"faces": {
				"north": {"uv": [0, 1, 6, 2], "texture": "#0"},
				"east": {"uv": [3, 1, 4, 2], "texture": "#0"},
				"south": {"uv": [0, 1, 6, 2], "texture": "#0"},
				"west": {"uv": [3, 1, 4, 2], "texture": "#0"},
				"up": {"uv": [5, 4, 11, 5], "texture": "#0"},
				"down": {"uv": [1, 3, 7, 4], "texture": "#0"}
			}
		},
		{
			"from": [5, 11, 3],
			"to": [11, 12, 4],
			"faces": {
				"north": {"uv": [0, 1, 6, 2], "texture": "#0"},
				"east": {"uv": [3, 1, 4, 2], "texture": "#0"},
				"south": {"uv": [0, 1, 6, 2], "texture": "#0"},
				"west": {"uv": [3, 1, 4, 2], "texture": "#0"},
				"up": {"uv": [5, 4, 11, 5], "texture": "#0"},
				"down": {"uv": [1, 3, 7, 4], "texture": "#0"}
			}
		},
		{
			"from": [5, 15, 6],
			"to": [11, 16, 8],
			"faces": {
				"north": {"uv": [0, 2, 6, 3], "texture": "#0"},
				"east": {"uv": [0, 2, 2, 3], "texture": "#0"},
				"south": {"uv": [0, 2, 6, 3], "texture": "#0"},
				"west": {"uv": [0, 2, 2, 3], "texture": "#0"},
				"up": {"uv": [0, 2, 6, 4], "texture": "#0"},
				"down": {"uv": [0, 2, 6, 4], "texture": "#0"}
			}
		},
		{
			"from": [5, 14, 5],
			"to": [11, 15, 6],
			"faces": {
				"north": {"uv": [0, 2, 6, 3], "texture": "#0"},
				"east": {"uv": [0, 2, 1, 3], "texture": "#0"},
				"south": {"uv": [0, 2, 6, 3], "texture": "#0"},
				"west": {"uv": [0, 2, 1, 3], "texture": "#0"},
				"up": {"uv": [0, 2, 6, 3], "texture": "#0"},
				"down": {"uv": [0, 2, 6, 3], "texture": "#0"}
			}
		},
		{
			"from": [5, 12, 4],
			"to": [11, 14, 5],
			"faces": {
				"north": {"uv": [0, 2, 6, 4], "texture": "#0"},
				"east": {"uv": [0, 2, 1, 4], "texture": "#0"},
				"south": {"uv": [0, 2, 6, 4], "texture": "#0"},
				"west": {"uv": [0, 2, 1, 4], "texture": "#0"},
				"up": {"uv": [0, 2, 6, 3], "texture": "#0"},
				"down": {"uv": [0, 2, 6, 3], "texture": "#0"}
			}
		},
		{
			"from": [3, 1, 6],
			"to": [5, 2, 8],
			"faces": {
				"north": {"uv": [0, 1, 2, 2], "texture": "#0"},
				"east": {"uv": [3, 1, 5, 2], "texture": "#0"},
				"south": {"uv": [0, 1, 2, 2], "texture": "#0"},
				"west": {"uv": [3, 1, 5, 2], "texture": "#0"},
				"up": {"uv": [5, 4, 7, 6], "texture": "#0"},
				"down": {"uv": [1, 3, 3, 5], "texture": "#0"}
			}
		},
		{
			"from": [3, 2, 5],
			"to": [5, 3, 6],
			"faces": {
				"north": {"uv": [0, 1, 2, 2], "texture": "#0"},
				"east": {"uv": [3, 1, 4, 2], "texture": "#0"},
				"south": {"uv": [0, 1, 2, 2], "texture": "#0"},
				"west": {"uv": [3, 1, 4, 2], "texture": "#0"},
				"up": {"uv": [5, 4, 7, 5], "texture": "#0"},
				"down": {"uv": [1, 3, 3, 4], "texture": "#0"}
			}
		},
		{
			"from": [3, 14, 6],
			"to": [5, 15, 8],
			"faces": {
				"north": {"uv": [1, 2, 3, 3], "texture": "#0"},
				"east": {"uv": [1, 2, 3, 3], "texture": "#0"},
				"south": {"uv": [1, 2, 3, 3], "texture": "#0"},
				"west": {"uv": [1, 2, 3, 3], "texture": "#0"},
				"up": {"uv": [1, 2, 3, 4], "texture": "#0"},
				"down": {"uv": [1, 2, 3, 4], "texture": "#0"}
			}
		},
		{
			"from": [11, 14, 6],
			"to": [13, 15, 8],
			"rotation": {"angle": 0, "axis": "y", "origin": [16, 0, 0]},
			"faces": {
				"north": {"uv": [3, 2, 1, 3], "texture": "#0"},
				"east": {"uv": [3, 2, 1, 3], "texture": "#0"},
				"south": {"uv": [3, 2, 1, 3], "texture": "#0"},
				"west": {"uv": [3, 2, 1, 3], "texture": "#0"},
				"up": {"uv": [3, 2, 1, 4], "texture": "#0"},
				"down": {"uv": [3, 2, 1, 4], "texture": "#0"}
			}
		},
		{
			"from": [3, 13, 5],
			"to": [5, 14, 6],
			"faces": {
				"north": {"uv": [1, 2, 3, 3], "texture": "#0"},
				"east": {"uv": [1, 2, 2, 3], "texture": "#0"},
				"south": {"uv": [1, 2, 3, 3], "texture": "#0"},
				"west": {"uv": [1, 2, 2, 3], "texture": "#0"},
				"up": {"uv": [1, 2, 3, 3], "texture": "#0"},
				"down": {"uv": [1, 2, 3, 3], "texture": "#0"}
			}
		},
		{
			"from": [11, 13, 5],
			"to": [13, 14, 6],
			"rotation": {"angle": 0, "axis": "y", "origin": [16, 0, 0]},
			"faces": {
				"north": {"uv": [3, 2, 1, 3], "texture": "#0"},
				"east": {"uv": [2, 2, 1, 3], "texture": "#0"},
				"south": {"uv": [3, 2, 1, 3], "texture": "#0"},
				"west": {"uv": [2, 2, 1, 3], "texture": "#0"},
				"up": {"uv": [3, 2, 1, 3], "texture": "#0"},
				"down": {"uv": [3, 2, 1, 3], "texture": "#0"}
			}
		},
		{
			"from": [11, 1, 6],
			"to": [13, 2, 8],
			"faces": {
				"north": {"uv": [0, 1, 2, 2], "texture": "#0"},
				"east": {"uv": [3, 1, 5, 2], "texture": "#0"},
				"south": {"uv": [0, 1, 2, 2], "texture": "#0"},
				"west": {"uv": [3, 1, 5, 2], "texture": "#0"},
				"up": {"uv": [5, 4, 7, 6], "texture": "#0"},
				"down": {"uv": [1, 3, 3, 5], "texture": "#0"}
			}
		},
		{
			"from": [11, 2, 5],
			"to": [13, 3, 6],
			"faces": {
				"north": {"uv": [0, 1, 2, 2], "texture": "#0"},
				"east": {"uv": [3, 1, 4, 2], "texture": "#0"},
				"south": {"uv": [0, 1, 2, 2], "texture": "#0"},
				"west": {"uv": [3, 1, 4, 2], "texture": "#0"},
				"up": {"uv": [5, 4, 7, 5], "texture": "#0"},
				"down": {"uv": [1, 3, 3, 4], "texture": "#0"}
			}
		},
		{
			"from": [13, 2, 6],
			"to": [14, 3, 8],
			"faces": {
				"north": {"uv": [0, 2, 1, 3], "texture": "#0"},
				"east": {"uv": [3, 1, 5, 2], "texture": "#0"},
				"south": {"uv": [0, 1, 1, 2], "texture": "#0"},
				"west": {"uv": [3, 1, 5, 2], "texture": "#0"},
				"up": {"uv": [5, 4, 6, 6], "texture": "#0"},
				"down": {"uv": [1, 3, 2, 5], "texture": "#0"}
			}
		},
		{
			"from": [2, 2, 6],
			"to": [3, 3, 8],
			"faces": {
				"north": {"uv": [0, 2, 1, 3], "texture": "#0"},
				"east": {"uv": [3, 1, 5, 2], "texture": "#0"},
				"south": {"uv": [0, 1, 1, 2], "texture": "#0"},
				"west": {"uv": [3, 1, 5, 2], "texture": "#0"},
				"up": {"uv": [5, 4, 6, 6], "texture": "#0"},
				"down": {"uv": [1, 3, 2, 5], "texture": "#0"}
			}
		},
		{
			"from": [2, 13, 6],
			"to": [3, 14, 8],
			"faces": {
				"north": {"uv": [1, 2, 2, 3], "texture": "#0"},
				"east": {"uv": [1, 2, 3, 3], "texture": "#0"},
				"south": {"uv": [1, 2, 2, 3], "texture": "#0"},
				"west": {"uv": [1, 2, 3, 3], "texture": "#0"},
				"up": {"uv": [1, 2, 2, 4], "texture": "#0"},
				"down": {"uv": [1, 2, 2, 4], "texture": "#0"}
			}
		},
		{
			"from": [13, 13, 6],
			"to": [14, 14, 8],
			"rotation": {"angle": 0, "axis": "y", "origin": [16, 0, 0]},
			"faces": {
				"north": {"uv": [2, 2, 1, 3], "texture": "#0"},
				"east": {"uv": [3, 2, 1, 3], "texture": "#0"},
				"south": {"uv": [2, 2, 1, 3], "texture": "#0"},
				"west": {"uv": [3, 2, 1, 3], "texture": "#0"},
				"up": {"uv": [2, 2, 1, 4], "texture": "#0"},
				"down": {"uv": [2, 2, 1, 4], "texture": "#0"}
			}
		},
		{
			"from": [14, 3, 6],
			"to": [15, 5, 8],
			"faces": {
				"north": {"uv": [0, 2, 1, 4], "texture": "#0"},
				"east": {"uv": [3, 1, 5, 3], "texture": "#0"},
				"south": {"uv": [0, 1, 1, 3], "texture": "#0"},
				"west": {"uv": [3, 1, 5, 3], "texture": "#0"},
				"up": {"uv": [5, 4, 6, 6], "texture": "#0"},
				"down": {"uv": [1, 3, 2, 5], "texture": "#0"}
			}
		},
		{
			"from": [13, 3, 5],
			"to": [14, 5, 6],
			"faces": {
				"north": {"uv": [0, 2, 1, 4], "texture": "#0"},
				"east": {"uv": [3, 1, 4, 3], "texture": "#0"},
				"south": {"uv": [0, 1, 1, 3], "texture": "#0"},
				"west": {"uv": [3, 1, 4, 3], "texture": "#0"},
				"up": {"uv": [5, 4, 6, 5], "texture": "#0"},
				"down": {"uv": [1, 3, 2, 4], "texture": "#0"}
			}
		},
		{
			"from": [11, 3, 4],
			"to": [13, 5, 5],
			"faces": {
				"north": {"uv": [0, 1, 2, 3], "texture": "#0"},
				"east": {"uv": [3, 1, 4, 3], "texture": "#0"},
				"south": {"uv": [0, 1, 2, 3], "texture": "#0"},
				"west": {"uv": [3, 1, 4, 3], "texture": "#0"},
				"up": {"uv": [5, 4, 7, 5], "texture": "#0"},
				"down": {"uv": [1, 3, 3, 4], "texture": "#0"}
			}
		},
		{
			"from": [15, 5, 6],
			"to": [16, 11, 8],
			"faces": {
				"north": {"uv": [0, 4, 1, 10], "texture": "#0"},
				"east": {"uv": [3, 1, 5, 7], "texture": "#0"},
				"south": {"uv": [0, 1, 1, 7], "texture": "#0"},
				"west": {"uv": [3, 1, 5, 7], "texture": "#0"},
				"up": {"uv": [5, 4, 6, 6], "texture": "#0"},
				"down": {"uv": [1, 3, 2, 5], "texture": "#0"}
			}
		},
		{
			"from": [14, 5, 5],
			"to": [15, 11, 6],
			"faces": {
				"north": {"uv": [0, 1, 1, 7], "texture": "#0"},
				"east": {"uv": [3, 1, 4, 7], "texture": "#0"},
				"south": {"uv": [0, 1, 1, 7], "texture": "#0"},
				"west": {"uv": [3, 1, 4, 7], "texture": "#0"},
				"up": {"uv": [5, 4, 6, 5], "texture": "#0"},
				"down": {"uv": [1, 3, 2, 4], "texture": "#0"}
			}
		},
		{
			"from": [12, 5, 4],
			"to": [14, 11, 5],
			"faces": {
				"north": {"uv": [1, 1, 3, 7], "texture": "#0"},
				"east": {"uv": [3, 1, 4, 7], "texture": "#0"},
				"south": {"uv": [0, 1, 2, 7], "texture": "#0"},
				"west": {"uv": [3, 1, 4, 7], "texture": "#0"},
				"up": {"uv": [5, 4, 7, 5], "texture": "#0"},
				"down": {"uv": [1, 3, 3, 4], "texture": "#0"}
			}
		},
		{
			"from": [4, 5, 3],
			"to": [12, 11, 4],
			"faces": {
				"north": {"uv": [0, 1, 8, 7], "texture": "#0"},
				"east": {"uv": [3, 1, 4, 7], "texture": "#0"},
				"south": {"uv": [0, 1, 8, 7], "texture": "#0"},
				"west": {"uv": [3, 1, 4, 7], "texture": "#0"},
				"up": {"uv": [5, 4, 13, 5], "texture": "#0"},
				"down": {"uv": [1, 3, 9, 4], "texture": "#0"}
			}
		},
		{
			"from": [0, 5, 6],
			"to": [1, 11, 8],
			"faces": {
				"north": {"uv": [1, 1, 2, 7], "texture": "#0"},
				"east": {"uv": [3, 1, 5, 7], "texture": "#0"},
				"south": {"uv": [0, 1, 1, 7], "texture": "#0"},
				"west": {"uv": [3, 1, 5, 7], "texture": "#0"},
				"up": {"uv": [5, 4, 6, 6], "texture": "#0"},
				"down": {"uv": [1, 3, 2, 5], "texture": "#0"}
			}
		},
		{
			"from": [1, 5, 5],
			"to": [2, 11, 6],
			"faces": {
				"north": {"uv": [0, 5, 1, 11], "texture": "#0"},
				"east": {"uv": [3, 1, 4, 7], "texture": "#0"},
				"south": {"uv": [0, 1, 1, 7], "texture": "#0"},
				"west": {"uv": [3, 1, 4, 7], "texture": "#0"},
				"up": {"uv": [5, 4, 6, 5], "texture": "#0"},
				"down": {"uv": [1, 3, 2, 4], "texture": "#0"}
			}
		},
		{
			"from": [2, 5, 4],
			"to": [4, 11, 5],
			"faces": {
				"north": {"uv": [0, 1, 2, 7], "texture": "#0"},
				"east": {"uv": [3, 1, 4, 7], "texture": "#0"},
				"south": {"uv": [0, 1, 2, 7], "texture": "#0"},
				"west": {"uv": [3, 1, 4, 7], "texture": "#0"},
				"up": {"uv": [5, 4, 7, 5], "texture": "#0"},
				"down": {"uv": [1, 3, 3, 4], "texture": "#0"}
			}
		},
		{
			"from": [1, 3, 6],
			"to": [2, 5, 8],
			"faces": {
				"north": {"uv": [0, 2, 1, 4], "texture": "#0"},
				"east": {"uv": [3, 1, 5, 3], "texture": "#0"},
				"south": {"uv": [0, 1, 1, 3], "texture": "#0"},
				"west": {"uv": [3, 1, 5, 3], "texture": "#0"},
				"up": {"uv": [5, 4, 6, 6], "texture": "#0"},
				"down": {"uv": [1, 3, 2, 5], "texture": "#0"}
			}
		},
		{
			"from": [2, 3, 5],
			"to": [3, 5, 6],
			"faces": {
				"north": {"uv": [0, 2, 1, 4], "texture": "#0"},
				"east": {"uv": [3, 1, 4, 3], "texture": "#0"},
				"south": {"uv": [0, 1, 1, 3], "texture": "#0"},
				"west": {"uv": [3, 1, 4, 3], "texture": "#0"},
				"up": {"uv": [5, 4, 6, 5], "texture": "#0"},
				"down": {"uv": [1, 3, 2, 4], "texture": "#0"}
			}
		},
		{
			"from": [3, 3, 4],
			"to": [5, 5, 5],
			"faces": {
				"north": {"uv": [0, 1, 2, 3], "texture": "#0"},
				"east": {"uv": [3, 1, 4, 3], "texture": "#0"},
				"south": {"uv": [0, 1, 2, 3], "texture": "#0"},
				"west": {"uv": [3, 1, 4, 3], "texture": "#0"},
				"up": {"uv": [5, 4, 7, 5], "texture": "#0"},
				"down": {"uv": [1, 3, 3, 4], "texture": "#0"}
			}
		},
		{
			"from": [1, 11, 6],
			"to": [2, 13, 8],
			"faces": {
				"north": {"uv": [1, 2, 2, 4], "texture": "#0"},
				"east": {"uv": [1, 2, 3, 4], "texture": "#0"},
				"south": {"uv": [1, 2, 2, 4], "texture": "#0"},
				"west": {"uv": [1, 2, 3, 4], "texture": "#0"},
				"up": {"uv": [1, 2, 2, 4], "texture": "#0"},
				"down": {"uv": [1, 2, 2, 4], "texture": "#0"}
			}
		},
		{
			"from": [14, 11, 6],
			"to": [15, 13, 8],
			"rotation": {"angle": 0, "axis": "y", "origin": [16, 0, 0]},
			"faces": {
				"north": {"uv": [2, 2, 1, 4], "texture": "#0"},
				"east": {"uv": [3, 2, 1, 4], "texture": "#0"},
				"south": {"uv": [2, 2, 1, 4], "texture": "#0"},
				"west": {"uv": [3, 2, 1, 4], "texture": "#0"},
				"up": {"uv": [2, 2, 1, 4], "texture": "#0"},
				"down": {"uv": [2, 2, 1, 4], "texture": "#0"}
			}
		},
		{
			"from": [2, 11, 5],
			"to": [3, 13, 6],
			"faces": {
				"north": {"uv": [1, 2, 2, 4], "texture": "#0"},
				"east": {"uv": [1, 2, 2, 4], "texture": "#0"},
				"south": {"uv": [1, 2, 2, 4], "texture": "#0"},
				"west": {"uv": [1, 2, 2, 4], "texture": "#0"},
				"up": {"uv": [1, 2, 2, 3], "texture": "#0"},
				"down": {"uv": [1, 2, 2, 3], "texture": "#0"}
			}
		},
		{
			"from": [13, 11, 5],
			"to": [14, 13, 6],
			"rotation": {"angle": 0, "axis": "y", "origin": [16, 0, 0]},
			"faces": {
				"north": {"uv": [2, 2, 1, 4], "texture": "#0"},
				"east": {"uv": [2, 2, 1, 4], "texture": "#0"},
				"south": {"uv": [2, 2, 1, 4], "texture": "#0"},
				"west": {"uv": [2, 2, 1, 4], "texture": "#0"},
				"up": {"uv": [2, 2, 1, 3], "texture": "#0"},
				"down": {"uv": [2, 2, 1, 3], "texture": "#0"}
			}
		},
		{
			"from": [3, 11, 4],
			"to": [5, 13, 5],
			"faces": {
				"north": {"uv": [1, 2, 3, 4], "texture": "#0"},
				"east": {"uv": [1, 2, 2, 4], "texture": "#0"},
				"south": {"uv": [1, 2, 3, 4], "texture": "#0"},
				"west": {"uv": [1, 2, 2, 4], "texture": "#0"},
				"up": {"uv": [1, 2, 3, 3], "texture": "#0"},
				"down": {"uv": [1, 2, 3, 3], "texture": "#0"}
			}
		},
		{
			"from": [11, 11, 4],
			"to": [13, 13, 5],
			"rotation": {"angle": 0, "axis": "y", "origin": [16, 0, 0]},
			"faces": {
				"north": {"uv": [3, 2, 1, 4], "texture": "#0"},
				"east": {"uv": [2, 2, 1, 4], "texture": "#0"},
				"south": {"uv": [3, 2, 1, 4], "texture": "#0"},
				"west": {"uv": [2, 2, 1, 4], "texture": "#0"},
				"up": {"uv": [3, 2, 1, 3], "texture": "#0"},
				"down": {"uv": [3, 2, 1, 3], "texture": "#0"}
			}
		},
		{
			"from": [6, 6, 2],
			"to": [7, 7, 3],
			"faces": {
				"north": {"uv": [0, 0, 1, 1], "texture": "#1"},
				"east": {"uv": [0, 0, 1, 1], "texture": "#1"},
				"south": {"uv": [0, 0, 1, 1], "texture": "#1"},
				"west": {"uv": [0, 0, 1, 1], "texture": "#1"},
				"up": {"uv": [0, 0, 1, 1], "texture": "#1"},
				"down": {"uv": [0, 0, 1, 1], "texture": "#1"}
			}
		},
		{
			"from": [6, 3, 2],
			"to": [7, 4, 4],
			"faces": {
				"north": {"uv": [0, 0, 1, 1], "texture": "#1"},
				"east": {"uv": [0, 0, 1, 1], "texture": "#1"},
				"south": {"uv": [0, 0, 1, 1], "texture": "#1"},
				"west": {"uv": [0, 0, 1, 1], "texture": "#1"},
				"up": {"uv": [0, 0, 1, 1], "texture": "#1"},
				"down": {"uv": [0, 0, 1, 1], "texture": "#1"}
			}
		},
		{
			"from": [9, 6, 2],
			"to": [10, 7, 3],
			"faces": {
				"north": {"uv": [0, 0, 1, 1], "texture": "#1"},
				"east": {"uv": [0, 0, 1, 1], "texture": "#1"},
				"south": {"uv": [0, 0, 1, 1], "texture": "#1"},
				"west": {"uv": [0, 0, 1, 1], "texture": "#1"},
				"up": {"uv": [0, 0, 1, 1], "texture": "#1"},
				"down": {"uv": [0, 0, 1, 1], "texture": "#1"}
			}
		},
		{
			"from": [9, 3, 2],
			"to": [10, 4, 4],
			"faces": {
				"north": {"uv": [0, 0, 1, 1], "texture": "#1"},
				"east": {"uv": [0, 0, 1, 1], "texture": "#1"},
				"south": {"uv": [0, 0, 1, 1], "texture": "#1"},
				"west": {"uv": [0, 0, 1, 1], "texture": "#1"},
				"up": {"uv": [0, 0, 1, 1], "texture": "#1"},
				"down": {"uv": [0, 0, 1, 1], "texture": "#1"}
			}
		},
		{
			"from": [10, 4, 2],
			"to": [11, 6, 3],
			"faces": {
				"north": {"uv": [0, 0, 1, 2], "texture": "#1"},
				"east": {"uv": [0, 0, 1, 2], "texture": "#1"},
				"south": {"uv": [0, 0, 1, 2], "texture": "#1"},
				"west": {"uv": [0, 0, 1, 2], "texture": "#1"},
				"up": {"uv": [0, 0, 1, 2], "texture": "#1"},
				"down": {"uv": [0, 0, 1, 2], "texture": "#1"}
			}
		},
		{
			"from": [6, 4, 2.9],
			"to": [10, 6, 3.9],
			"faces": {
				"north": {"uv": [7, 5, 8, 6], "texture": "#2"},
				"east": {"uv": [0, 0, 1, 2], "texture": "#1"},
				"south": {"uv": [0, 0, 1, 2], "texture": "#1"},
				"west": {"uv": [0, 0, 1, 2], "texture": "#1"},
				"up": {"uv": [0, 0, 1, 2], "texture": "#1"},
				"down": {"uv": [0, 0, 1, 2], "texture": "#1"}
			}
		},
		{
			"from": [7, 3, 2.9],
			"to": [9, 4, 3.9],
			"faces": {
				"north": {"uv": [7, 5, 8, 6], "texture": "#2"},
				"east": {"uv": [0, 0, 1, 2], "texture": "#1"},
				"south": {"uv": [0, 0, 1, 2], "texture": "#1"},
				"west": {"uv": [0, 0, 1, 2], "texture": "#1"},
				"up": {"uv": [0, 0, 1, 2], "texture": "#1"},
				"down": {"uv": [0, 0, 1, 2], "texture": "#1"}
			}
		},
		{
			"from": [7, 6, 2.9],
			"to": [9, 7, 3.9],
			"faces": {
				"north": {"uv": [7, 5, 8, 6], "texture": "#2"},
				"east": {"uv": [0, 0, 1, 2], "texture": "#1"},
				"south": {"uv": [0, 0, 1, 2], "texture": "#1"},
				"west": {"uv": [0, 0, 1, 2], "texture": "#1"},
				"up": {"uv": [0, 0, 1, 2], "texture": "#1"},
				"down": {"uv": [0, 0, 1, 2], "texture": "#1"}
			}
		},
		{
			"from": [5, 4, 2],
			"to": [6, 6, 3],
			"faces": {
				"north": {"uv": [0, 0, 1, 2], "texture": "#1"},
				"east": {"uv": [0, 0, 1, 2], "texture": "#1"},
				"south": {"uv": [0, 0, 1, 2], "texture": "#1"},
				"west": {"uv": [0, 0, 1, 2], "texture": "#1"},
				"up": {"uv": [0, 0, 1, 2], "texture": "#1"},
				"down": {"uv": [0, 0, 1, 2], "texture": "#1"}
			}
		},
		{
			"from": [7, 2, 2],
			"to": [9, 3, 4],
			"faces": {
				"north": {"uv": [0, 0, 2, 1], "texture": "#1"},
				"east": {"uv": [0, 0, 2, 1], "texture": "#1"},
				"south": {"uv": [0, 0, 2, 1], "texture": "#1"},
				"west": {"uv": [0, 0, 2, 1], "texture": "#1"},
				"up": {"uv": [0, 0, 2, 1], "texture": "#1"},
				"down": {"uv": [0, 0, 2, 1], "texture": "#1"}
			}
		},
		{
			"from": [7, 7, 2],
			"to": [9, 8, 3],
			"faces": {
				"north": {"uv": [0, 0, 2, 1], "texture": "#1"},
				"east": {"uv": [0, 0, 2, 1], "texture": "#1"},
				"south": {"uv": [0, 0, 2, 1], "texture": "#1"},
				"west": {"uv": [0, 0, 2, 1], "texture": "#1"},
				"up": {"uv": [0, 0, 2, 1], "texture": "#1"},
				"down": {"uv": [0, 0, 2, 1], "texture": "#1"}
			}
		},
		{
			"from": [10, 9, 2.9],
			"to": [12, 12, 3],
			"faces": {
				"north": {"uv": [13, 12, 15, 15], "texture": "#3"},
				"east": {"uv": [0, 0, 2, 1], "texture": "#3"},
				"south": {"uv": [0, 0, 2, 1], "texture": "#3"},
				"west": {"uv": [0, 0, 2, 1], "texture": "#3"},
				"up": {"uv": [0, 0, 2, 1], "texture": "#3"},
				"down": {"uv": [0, 0, 2, 1], "texture": "#3"}
			}
		},
		{
			"from": [4, 9, 2.9],
			"to": [6, 12, 3],
			"rotation": {"angle": 0, "axis": "y", "origin": [16, 0, 0]},
			"faces": {
				"north": {"uv": [15, 12, 13, 15], "texture": "#3"},
				"east": {"uv": [2, 0, 0, 1], "texture": "#3"},
				"south": {"uv": [2, 0, 0, 1], "texture": "#3"},
				"west": {"uv": [2, 0, 0, 1], "texture": "#3"},
				"up": {"uv": [2, 0, 0, 1], "texture": "#3"},
				"down": {"uv": [2, 0, 0, 1], "texture": "#3"}
			}
		},
		{
			"from": [12, 9, 2.9],
			"to": [13, 11, 4],
			"faces": {
				"north": {"uv": [1, 0, 2, 1], "texture": "#3"},
				"east": {"uv": [1, 0, 2, 1], "texture": "#3"},
				"south": {"uv": [1, 0, 2, 1], "texture": "#3"},
				"west": {"uv": [1, 0, 2, 1], "texture": "#3"},
				"up": {"uv": [1, 0, 2, 1], "texture": "#3"},
				"down": {"uv": [1, 0, 2, 1], "texture": "#3"}
			}
		},
		{
			"from": [3, 9, 2.9],
			"to": [4, 11, 4],
			"rotation": {"angle": 0, "axis": "y", "origin": [16, 0, 0]},
			"faces": {
				"north": {"uv": [1, 0, 2, 1], "texture": "#3"},
				"east": {"uv": [1, 0, 2, 1], "texture": "#3"},
				"south": {"uv": [1, 0, 2, 1], "texture": "#3"},
				"west": {"uv": [1, 0, 2, 1], "texture": "#3"},
				"up": {"uv": [1, 0, 2, 1], "texture": "#3"},
				"down": {"uv": [1, 0, 2, 1], "texture": "#3"}
			}
		},
		{
			"from": [11, 11, 3],
			"to": [12, 12.1, 4],
			"faces": {
				"north": {"uv": [1, 0, 2, 1], "texture": "#3"},
				"east": {"uv": [1, 0, 2, 1], "texture": "#3"},
				"south": {"uv": [1, 0, 2, 1], "texture": "#3"},
				"west": {"uv": [1, 0, 2, 1], "texture": "#3"},
				"up": {"uv": [1, 0, 2, 1], "texture": "#3"},
				"down": {"uv": [1, 0, 2, 1], "texture": "#3"}
			}
		},
		{
			"from": [4, 11, 3],
			"to": [5, 12.1, 4],
			"rotation": {"angle": 0, "axis": "y", "origin": [16, 0, 0]},
			"faces": {
				"north": {"uv": [1, 0, 2, 1], "texture": "#3"},
				"east": {"uv": [1, 0, 2, 1], "texture": "#3"},
				"south": {"uv": [1, 0, 2, 1], "texture": "#3"},
				"west": {"uv": [1, 0, 2, 1], "texture": "#3"},
				"up": {"uv": [1, 0, 2, 1], "texture": "#3"},
				"down": {"uv": [1, 0, 2, 1], "texture": "#3"}
			}
		},
		{
			"from": [10, 12, 3],
			"to": [11, 12.1, 4],
			"faces": {
				"north": {"uv": [1, 0, 2, 1], "texture": "#3"},
				"east": {"uv": [1, 0, 2, 1], "texture": "#3"},
				"south": {"uv": [1, 0, 2, 1], "texture": "#3"},
				"west": {"uv": [1, 0, 2, 1], "texture": "#3"},
				"up": {"uv": [1, 0, 2, 1], "texture": "#3"},
				"down": {"uv": [1, 0, 2, 1], "texture": "#3"}
			}
		},
		{
			"from": [5, 12, 3],
			"to": [6, 12.1, 4],
			"rotation": {"angle": 0, "axis": "y", "origin": [16, 0, 0]},
			"faces": {
				"north": {"uv": [1, 0, 2, 1], "texture": "#3"},
				"east": {"uv": [1, 0, 2, 1], "texture": "#3"},
				"south": {"uv": [1, 0, 2, 1], "texture": "#3"},
				"west": {"uv": [1, 0, 2, 1], "texture": "#3"},
				"up": {"uv": [1, 0, 2, 1], "texture": "#3"},
				"down": {"uv": [1, 0, 2, 1], "texture": "#3"}
			}
		},
		{
			"from": [7, 16, 6],
			"to": [9, 16.5, 8],
			"faces": {
				"north": {"uv": [9, 2, 11, 2.5], "texture": "#4"},
				"east": {"uv": [9, 2, 11, 2.5], "texture": "#4"},
				"south": {"uv": [9, 2, 11, 2.5], "texture": "#4"},
				"west": {"uv": [9, 2, 11, 2.5], "texture": "#4"},
				"up": {"uv": [9, 2, 11, 4], "texture": "#4"},
				"down": {"uv": [9, 2, 11, 4], "texture": "#4"}
			}
		},
		{
			"from": [2, 16.5, 6],
			"to": [14, 17.5, 8],
			"faces": {
				"north": {"uv": [4, 2, 16, 3], "texture": "#4"},
				"east": {"uv": [9, 2, 11, 3], "texture": "#4"},
				"south": {"uv": [4, 2, 16, 3], "texture": "#4"},
				"west": {"uv": [9, 2, 11, 3], "texture": "#4"},
				"up": {"uv": [9, 2, 21, 4], "texture": "#4"},
				"down": {"uv": [9, 2, 21, 4], "texture": "#4"}
			}
		},
		{
			"from": [7, 17.5, 6],
			"to": [9, 18.5, 8],
			"faces": {
				"north": {"uv": [9, 2, 11, 3], "texture": "#4"},
				"east": {"uv": [9, 2, 11, 3], "texture": "#4"},
				"south": {"uv": [9, 2, 11, 3], "texture": "#4"},
				"west": {"uv": [9, 2, 11, 3], "texture": "#4"},
				"up": {"uv": [9, 2, 11, 4], "texture": "#4"},
				"down": {"uv": [9, 2, 11, 4], "texture": "#4"}
			}
		},
		{
			"from": [6.5, 18.5, 6],
			"to": [9.5, 22.5, 8],
			"faces": {
				"north": {"uv": [9, 2, 12, 6], "texture": "#4"},
				"east": {"uv": [9, 2, 11, 6], "texture": "#4"},
				"south": {"uv": [9, 2, 12, 6], "texture": "#4"},
				"west": {"uv": [9, 2, 11, 6], "texture": "#4"},
				"up": {"uv": [9, 2, 12, 4], "texture": "#4"},
				"down": {"uv": [9, 2, 12, 4], "texture": "#4"}
			}
		},
		{
			"from": [7, 22.5, 6],
			"to": [9, 23.5, 8],
			"faces": {
				"north": {"uv": [9, 2, 11, 3], "texture": "#4"},
				"east": {"uv": [9, 2, 11, 3], "texture": "#4"},
				"south": {"uv": [9, 2, 11, 3], "texture": "#4"},
				"west": {"uv": [9, 2, 11, 3], "texture": "#4"},
				"up": {"uv": [9, 2, 11, 4], "texture": "#4"},
				"down": {"uv": [9, 2, 11, 4], "texture": "#4"}
			}
		},
		{
			"from": [10, 17.5, 6],
			"to": [15, 18.5, 8],
			"faces": {
				"north": {"uv": [9, 2, 14, 3], "texture": "#4"},
				"east": {"uv": [9, 2, 11, 3], "texture": "#4"},
				"south": {"uv": [9, 2, 14, 3], "texture": "#4"},
				"west": {"uv": [9, 2, 11, 3], "texture": "#4"},
				"up": {"uv": [9, 2, 14, 4], "texture": "#4"},
				"down": {"uv": [9, 2, 14, 4], "texture": "#4"}
			}
		},
		{
			"from": [1, 17.5, 6],
			"to": [6, 18.5, 8],
			"rotation": {"angle": 0, "axis": "y", "origin": [16, 0, 0]},
			"faces": {
				"north": {"uv": [9, 2, 4, 3], "texture": "#4"},
				"east": {"uv": [6, 2, 4, 3], "texture": "#4"},
				"south": {"uv": [9, 2, 4, 3], "texture": "#4"},
				"west": {"uv": [6, 2, 4, 3], "texture": "#4"},
				"up": {"uv": [8, 2, 3, 4], "texture": "#4"},
				"down": {"uv": [8, 2, 3, 4], "texture": "#4"}
			}
		}
	],
	"display": {
		"thirdperson_righthand": {
			"scale": [0.5, 0.5, 0.5]
		},
		"thirdperson_lefthand": {
			"scale": [0.5, 0.5, 0.5]
		},
		"firstperson_righthand": {
			"rotation": [0, 135, 0],
			"translation": [0, 4, 0],
			"scale": [0.5, 0.5, 0.5]
		},
		"firstperson_lefthand": {
			"rotation": [0, 135, 0],
			"translation": [0, 4, 0],
			"scale": [0.5, 0.5, 0.5]
		},
		"ground": {
			"translation": [0, 3, 0],
			"scale": [0.5, 0.5, 0.5]
		},
		"gui": {
			"rotation": [0, -180, 0],
			"translation": [0, -2, 0],
			"scale": [0.65, 0.65, 0.65]
		},
		"head": {
			"translation": [0, 0, -4.5],
			"scale": [1.1, 1.1, 1.1]
		}
	},
	"groups": [
		{
			"name": "Half Sphere",
			"origin": [0, 0, 0],
			"children": [0, 1, 2, 3, 4, 5, 6, 7, 8, 9, 10, 11, 12, 13, 14, 15, 16, 17, 18, 19, 20, 21, 22, 23, 24, 25, 26, 27, 28, 29, 30, 31, 32, 33, 34, 35, 36, 37, 38]
		},
		{
			"name": "Attachments",
			"origin": [8, 8, 8],
			"children": [
				{
					"name": "Mouth",
					"origin": [8, 8, 8],
					"children": [39, 40, 41, 42, 43, 44, 45, 46, 47, 48, 49]
				},
				{
					"name": "Eyes",
					"origin": [8, 8, 8],
					"children": [50, 51, 52, 53, 54, 55, 56, 57]
				},
				{
					"name": "Leaf",
					"origin": [8, 8, 8],
					"children": [58, 59, 60, 61, 62, 63, 64]
				}
			]
		}
	]
}