{
	"credit": "Made with Blockbench",
	"textures": {
		"0": "block/barrel_bottom",
		"1": "block/acacia_planks",
		"2": "block/brown_mushroom_block",
		"3": "block/black_concrete",
		"4": "block/red_concrete",
		"5": "block/cut_sandstone",
		"6": "block/blank",
		"7": "item/paper",
		"8": "block/anvil",
		"9": "block/cobblestone",
		"10": "block/yellow_wool",
		"11": "block/blue_glazed_terracotta",
		"particle": "block/barrel_bottom"
	},
	"elements": [
		{
			"from": [2, 22, 3],
			"to": [6, 28, 10],
			"faces": {
				"north": {"uv": [0, 0, 10, 6], "texture": "#2"},
				"east": {"uv": [0, 0, 6, 6], "texture": "#2"},
				"south": {"uv": [0, 0, 10, 6], "texture": "#2"},
				"west": {"uv": [0, 0, 6, 6], "texture": "#2"},
				"up": {"uv": [0, 0, 10, 6], "texture": "#2"},
				"down": {"uv": [0, 0, 10, 6], "texture": "#2"}
			}
		},
		{
			"from": [4, 22.25, 3.25],
			"to": [12, 27.75, 9.75],
			"faces": {
				"north": {"uv": [11, 1, 12, 2], "texture": "#0"},
				"east": {"uv": [11, 1, 12, 2], "texture": "#0"},
				"south": {"uv": [11, 1, 12, 2], "texture": "#0"},
				"west": {"uv": [11, 1, 12, 2], "texture": "#0"},
				"up": {"uv": [11, 1, 12, 2], "texture": "#0"},
				"down": {"uv": [11, 1, 12, 2], "texture": "#0"}
			}
		},
		{
			"from": [10, 22, 3],
			"to": [14, 28, 10],
			"faces": {
				"north": {"uv": [0, 0, 10, 6], "texture": "#2"},
				"east": {"uv": [0, 0, 6, 6], "texture": "#2"},
				"south": {"uv": [0, 0, 10, 6], "texture": "#2"},
				"west": {"uv": [0, 0, 6, 6], "texture": "#2"},
				"up": {"uv": [0, 0, 10, 6], "texture": "#2"},
				"down": {"uv": [0, 0, 10, 6], "texture": "#2"}
			}
		},
		{
			"from": [6.5, 22, 3],
			"to": [9.5, 28, 10],
			"faces": {
				"north": {"uv": [0, 0, 10, 6], "texture": "#2"},
				"east": {"uv": [0, 0, 6, 6], "texture": "#2"},
				"south": {"uv": [0, 0, 10, 6], "texture": "#2"},
				"west": {"uv": [0, 0, 6, 6], "texture": "#2"},
				"up": {"uv": [0, 0, 10, 6], "texture": "#2"},
				"down": {"uv": [0, 0, 10, 6], "texture": "#2"}
			}
		},
		{
			"from": [1.9, 22, 4],
			"to": [14.1, 27, 5],
			"faces": {
				"north": {"uv": [0, 0, 1, 5], "texture": "#3"},
				"east": {"uv": [0, 0, 1, 5], "texture": "#3"},
				"south": {"uv": [0, 0, 1, 5], "texture": "#3"},
				"west": {"uv": [0, 0, 1, 5], "texture": "#3"},
				"up": {"uv": [0, 0, 1, 5], "texture": "#3"},
				"down": {"uv": [0, 0, 1, 5], "texture": "#3"}
			}
		},
		{
			"from": [1.9, 26, 5],
			"to": [14.1, 27, 9],
			"faces": {
				"north": {"uv": [0, 0, 1, 5], "texture": "#3"},
				"east": {"uv": [0, 0, 1, 5], "texture": "#3"},
				"south": {"uv": [0, 0, 1, 5], "texture": "#3"},
				"west": {"uv": [0, 0, 1, 5], "texture": "#3"},
				"up": {"uv": [0, 0, 1, 5], "texture": "#3"},
				"down": {"uv": [0, 0, 1, 5], "texture": "#3"}
			}
		},
		{
			"from": [1.9, 23, 8],
			"to": [14.1, 27, 9],
			"faces": {
				"north": {"uv": [0, 0, 1, 5], "texture": "#3"},
				"east": {"uv": [0, 0, 1, 5], "texture": "#3"},
				"south": {"uv": [0, 0, 1, 5], "texture": "#3"},
				"west": {"uv": [0, 0, 1, 5], "texture": "#3"},
				"up": {"uv": [0, 0, 1, 5], "texture": "#3"},
				"down": {"uv": [0, 0, 1, 5], "texture": "#3"}
			}
		},
		{
			"from": [1.9, 24, 6],
			"to": [14.1, 25, 7],
			"faces": {
				"north": {"uv": [0, 0, 1, 5], "texture": "#3"},
				"east": {"uv": [0, 0, 1, 5], "texture": "#3"},
				"south": {"uv": [0, 0, 1, 5], "texture": "#3"},
				"west": {"uv": [0, 0, 1, 5], "texture": "#3"},
				"up": {"uv": [0, 0, 1, 5], "texture": "#3"},
				"down": {"uv": [0, 0, 1, 5], "texture": "#3"}
			}
		},
		{
			"from": [1.9, 23, 6],
			"to": [14.1, 24, 8],
			"faces": {
				"north": {"uv": [0, 0, 1, 5], "texture": "#3"},
				"east": {"uv": [0, 0, 1, 5], "texture": "#3"},
				"south": {"uv": [0, 0, 1, 5], "texture": "#3"},
				"west": {"uv": [0, 0, 1, 5], "texture": "#3"},
				"up": {"uv": [0, 0, 1, 5], "texture": "#3"},
				"down": {"uv": [0, 0, 1, 5], "texture": "#3"}
			}
		},
		{
			"from": [2, 14, 4],
			"to": [14, 22, 9],
			"faces": {
				"north": {"uv": [2, 1, 14, 9], "texture": "#0"},
				"east": {"uv": [6, 1, 10, 9], "texture": "#0"},
				"south": {"uv": [2, 1, 14, 9], "texture": "#0"},
				"west": {"uv": [6, 1, 10, 9], "texture": "#0"},
				"up": {"uv": [2, 1, 14, 5], "texture": "#0"},
				"down": {"uv": [2, 1, 14, 5], "texture": "#0"}
			}
		},
		{
			"from": [3, 14, 3],
			"to": [13, 21, 4],
			"faces": {
				"north": {"uv": [2, 1, 12, 8], "texture": "#0"},
				"east": {"uv": [6, 1, 7, 8], "texture": "#0"},
				"south": {"uv": [2, 1, 12, 8], "texture": "#0"},
				"west": {"uv": [6, 1, 7, 8], "texture": "#0"},
				"up": {"uv": [2, 1, 12, 2], "texture": "#0"},
				"down": {"uv": [2, 1, 12, 2], "texture": "#0"}
			}
		},
		{
			"from": [3, 14, 9],
			"to": [13, 21, 10],
			"faces": {
				"north": {"uv": [2, 1, 12, 8], "texture": "#0"},
				"east": {"uv": [6, 1, 7, 8], "texture": "#0"},
				"south": {"uv": [2, 1, 12, 8], "texture": "#0"},
				"west": {"uv": [6, 1, 7, 8], "texture": "#0"},
				"up": {"uv": [2, 1, 12, 2], "texture": "#0"},
				"down": {"uv": [2, 1, 12, 2], "texture": "#0"}
			}
		},
		{
			"from": [2, 6, 4],
			"to": [14, 14, 9],
			"faces": {
				"north": {"uv": [0, 0, 12, 8], "texture": "#1"},
				"east": {"uv": [0, 0, 4, 8], "texture": "#1"},
				"south": {"uv": [0, 0, 12, 8], "texture": "#1"},
				"west": {"uv": [0, 0, 4, 8], "texture": "#1"},
				"up": {"uv": [0, 0, 12, 4], "texture": "#1"},
				"down": {"uv": [0, 0, 12, 4], "texture": "#1"}
			}
		},
		{
			"from": [3, 7, 3],
			"to": [13, 14, 4],
			"faces": {
				"north": {"uv": [0, 0, 10, 7], "texture": "#1"},
				"east": {"uv": [0, 0, 1, 7], "texture": "#1"},
				"south": {"uv": [0, 0, 10, 7], "texture": "#1"},
				"west": {"uv": [0, 0, 1, 7], "texture": "#1"},
				"up": {"uv": [0, 0, 10, 1], "texture": "#1"},
				"down": {"uv": [0, 0, 10, 1], "texture": "#1"}
			}
		},
		{
			"from": [3, 7, 9],
			"to": [13, 14, 10],
			"faces": {
				"north": {"uv": [0, 0, 10, 7], "texture": "#1"},
				"east": {"uv": [0, 0, 1, 7], "texture": "#1"},
				"south": {"uv": [0, 0, 10, 7], "texture": "#1"},
				"west": {"uv": [0, 0, 1, 7], "texture": "#1"},
				"up": {"uv": [0, 0, 10, 1], "texture": "#1"},
				"down": {"uv": [0, 0, 10, 1], "texture": "#1"}
			}
		},
		{
			"from": [3.5, 18, 9.9],
			"to": [7.5, 19, 10.9],
			"faces": {
				"north": {"uv": [0, 0, 4, 1], "texture": "#4"},
				"east": {"uv": [0, 0, 4, 1], "texture": "#4"},
				"south": {"uv": [0, 0, 4, 1], "texture": "#4"},
				"west": {"uv": [0, 0, 4, 1], "texture": "#4"},
				"up": {"uv": [0, 0, 4, 1], "texture": "#4"},
				"down": {"uv": [0, 0, 4, 1], "texture": "#4"}
			}
		},
		{
			"from": [4, 18, 10],
			"to": [7, 20, 11],
			"faces": {
				"north": {"uv": [0, 0, 3, 2], "texture": "#4"},
				"east": {"uv": [0, 0, 3, 2], "texture": "#4"},
				"south": {"uv": [0, 0, 3, 2], "texture": "#4"},
				"west": {"uv": [0, 0, 3, 2], "texture": "#4"},
				"up": {"uv": [0, 0, 3, 2], "texture": "#4"},
				"down": {"uv": [0, 0, 3, 2], "texture": "#4"}
			}
		},
		{
			"from": [4.75, 18.5, 11],
			"to": [6.25, 19.5, 11.1],
			"faces": {
				"north": {"uv": [0, 0, 3, 2], "texture": "#6"},
				"east": {"uv": [0, 0, 3, 2], "texture": "#6"},
				"south": {"uv": [0, 0, 3, 2], "texture": "#6"},
				"west": {"uv": [0, 0, 3, 2], "texture": "#6"},
				"up": {"uv": [0, 0, 3, 2], "texture": "#6"},
				"down": {"uv": [0, 0, 3, 2], "texture": "#6"}
			}
		},
		{
			"from": [3.5, 18, 11],
			"to": [7.5, 18.25, 11.25],
			"faces": {
				"north": {"uv": [0, 0, 3, 2], "texture": "#4"},
				"east": {"uv": [0, 0, 3, 2], "texture": "#4"},
				"south": {"uv": [0, 0, 3, 2], "texture": "#4"},
				"west": {"uv": [0, 0, 3, 2], "texture": "#4"},
				"up": {"uv": [0, 0, 3, 2], "texture": "#4"},
				"down": {"uv": [0, 0, 3, 2], "texture": "#4"}
			}
		},
		{
			"from": [4, 15, 10],
			"to": [7, 18, 11],
			"faces": {
				"north": {"uv": [1, 4, 4, 7], "texture": "#5"},
				"east": {"uv": [1, 4, 2, 7], "texture": "#5"},
				"south": {"uv": [1, 4, 4, 7], "texture": "#5"},
				"west": {"uv": [1, 4, 2, 7], "texture": "#5"},
				"up": {"uv": [1, 4, 4, 5], "texture": "#5"},
				"down": {"uv": [1, 4, 4, 5], "texture": "#5"}
			}
		},
		{
			"from": [5.1, 16.2, 11],
			"to": [5.9, 17, 12],
			"faces": {
				"north": {"uv": [1, 4, 4, 7], "texture": "#5"},
				"east": {"uv": [1, 4, 2, 7], "texture": "#5"},
				"south": {"uv": [1, 4, 4, 7], "texture": "#5"},
				"west": {"uv": [1, 4, 2, 7], "texture": "#5"},
				"up": {"uv": [1, 4, 4, 5], "texture": "#5"},
				"down": {"uv": [1, 4, 4, 5], "texture": "#5"}
			}
		},
		{
			"from": [3.5, 15.5, 9.9],
			"to": [7.5, 18, 10.9],
			"faces": {
				"north": {"uv": [1, 4, 5, 6], "texture": "#5"},
				"east": {"uv": [1, 4, 2, 6], "texture": "#5"},
				"south": {"uv": [1, 4, 5, 6], "texture": "#5"},
				"west": {"uv": [1, 4, 2, 6], "texture": "#5"},
				"up": {"uv": [1, 4, 5, 5], "texture": "#5"},
				"down": {"uv": [1, 4, 5, 5], "texture": "#5"}
			}
		},
		{
			"from": [4, 16, 11],
			"to": [7, 16.5, 11.25],
			"faces": {
				"north": {"uv": [1, 1, 2, 2], "texture": "#0"},
				"east": {"uv": [1, 1, 2, 2], "texture": "#0"},
				"south": {"uv": [1, 1, 2, 2], "texture": "#0"},
				"west": {"uv": [1, 1, 2, 2], "texture": "#0"},
				"up": {"uv": [1, 1, 2, 2], "texture": "#0"},
				"down": {"uv": [1, 1, 2, 2], "texture": "#0"}
			}
		},
		{
			"from": [4, 17.25, 11],
			"to": [5, 17.45, 11.25],
			"faces": {
				"north": {"uv": [1, 1, 2, 2], "texture": "#3"},
				"east": {"uv": [1, 1, 2, 2], "texture": "#3"},
				"south": {"uv": [1, 1, 2, 2], "texture": "#3"},
				"west": {"uv": [1, 1, 2, 2], "texture": "#3"},
				"up": {"uv": [1, 1, 2, 2], "texture": "#3"},
				"down": {"uv": [1, 1, 2, 2], "texture": "#3"}
			}
		},
		{
			"from": [6, 17.25, 11],
			"to": [7, 17.45, 11.25],
			"faces": {
				"north": {"uv": [1, 1, 2, 2], "texture": "#3"},
				"east": {"uv": [1, 1, 2, 2], "texture": "#3"},
				"south": {"uv": [1, 1, 2, 2], "texture": "#3"},
				"west": {"uv": [1, 1, 2, 2], "texture": "#3"},
				"up": {"uv": [1, 1, 2, 2], "texture": "#3"},
				"down": {"uv": [1, 1, 2, 2], "texture": "#3"}
			}
		},
		{
			"from": [2.1815, 10, 9.20739],
			"to": [3.1815, 15, 12.20739],
			"rotation": {"angle": 22.5, "axis": "y", "origin": [-1.51294, 17.55431, 10.69444]},
			"faces": {
				"north": {"uv": [1, 4, 2, 9], "texture": "#8"},
				"east": {"uv": [1, 4, 4, 9], "texture": "#8"},
				"south": {"uv": [1, 4, 2, 9], "texture": "#8"},
				"west": {"uv": [1, 4, 4, 9], "texture": "#8"},
				"up": {"uv": [1, 4, 4, 5], "rotation": 90, "texture": "#8"},
				"down": {"uv": [1, 4, 4, 5], "rotation": 270, "texture": "#8"}
			}
		},
		{
			"from": [1.8815, 13, 9.30739],
			"to": [2.8815, 14, 10.30739],
			"rotation": {"angle": 22.5, "axis": "y", "origin": [-1.51294, 17.55431, 10.69444]},
			"faces": {
				"north": {"uv": [1, 4, 4, 5], "texture": "#3"},
				"east": {"uv": [1, 4, 4, 5], "texture": "#3"},
				"south": {"uv": [1, 4, 4, 5], "texture": "#3"},
				"west": {"uv": [1, 4, 4, 5], "texture": "#3"},
				"up": {"uv": [1, 4, 4, 5], "rotation": 90, "texture": "#3"},
				"down": {"uv": [1, 4, 4, 5], "rotation": 270, "texture": "#3"}
			}
		},
		{
			"from": [1.8815, 13, 11.10739],
			"to": [2.8815, 14, 12.10739],
			"rotation": {"angle": 22.5, "axis": "y", "origin": [-1.51294, 17.55431, 10.69444]},
			"faces": {
				"north": {"uv": [1, 4, 4, 5], "texture": "#3"},
				"east": {"uv": [1, 4, 4, 5], "texture": "#3"},
				"south": {"uv": [1, 4, 4, 5], "texture": "#3"},
				"west": {"uv": [1, 4, 4, 5], "texture": "#3"},
				"up": {"uv": [1, 4, 4, 5], "rotation": 90, "texture": "#3"},
				"down": {"uv": [1, 4, 4, 5], "rotation": 270, "texture": "#3"}
			}
		},
		{
			"from": [1.8815, 12, 8.70739],
			"to": [2.1815, 12.5, 12.70739],
			"rotation": {"angle": 22.5, "axis": "y", "origin": [-1.51294, 17.55431, 10.69444]},
			"faces": {
				"north": {"uv": [1, 4, 4, 5], "texture": "#4"},
				"east": {"uv": [1, 4, 4, 5], "texture": "#4"},
				"south": {"uv": [1, 4, 4, 5], "texture": "#4"},
				"west": {"uv": [1, 4, 4, 5], "texture": "#4"},
				"up": {"uv": [1, 4, 4, 5], "rotation": 90, "texture": "#4"},
				"down": {"uv": [1, 4, 4, 5], "rotation": 270, "texture": "#4"}
			}
		},
		{
			"from": [1.9815, 10.75726, 9.37448],
			"to": [2.9815, 13.75726, 9.87448],
			"rotation": {"angle": 22.5, "axis": "y", "origin": [-1.51294, 17.55431, 10.69444]},
			"faces": {
				"north": {"uv": [1, 4, 4, 5], "rotation": 90, "texture": "#4"},
				"east": {"uv": [1, 4, 4, 5], "rotation": 270, "texture": "#4"},
				"south": {"uv": [1, 4, 4, 5], "rotation": 90, "texture": "#4"},
				"west": {"uv": [1, 4, 4, 5], "rotation": 90, "texture": "#4"},
				"up": {"uv": [1, 4, 4, 5], "rotation": 180, "texture": "#4"},
				"down": {"uv": [1, 4, 4, 5], "texture": "#4"}
			}
		},
		{
			"from": [2.0815, 10.77565, 11.48411],
			"to": [3.0815, 13.77565, 11.98411],
			"rotation": {"angle": 22.5, "axis": "y", "origin": [-1.51294, 17.55431, 10.69444]},
			"faces": {
				"north": {"uv": [1, 5, 4, 4], "rotation": 90, "texture": "#4"},
				"east": {"uv": [1, 5, 4, 4], "rotation": 270, "texture": "#4"},
				"south": {"uv": [1, 5, 4, 4], "rotation": 90, "texture": "#4"},
				"west": {"uv": [1, 5, 4, 4], "rotation": 90, "texture": "#4"},
				"up": {"uv": [1, 5, 4, 4], "rotation": 180, "texture": "#4"},
				"down": {"uv": [1, 5, 4, 4], "texture": "#4"}
			}
		},
		{
			"from": [1.9815, 10.16053, 10.93358],
			"to": [2.9815, 14.66053, 11.43358],
			"rotation": {"angle": 22.5, "axis": "y", "origin": [-1.51294, 17.55431, 10.69444]},
			"faces": {
				"north": {"uv": [1, 5, 4, 4], "rotation": 90, "texture": "#4"},
				"east": {"uv": [1, 5, 4, 4], "rotation": 270, "texture": "#4"},
				"south": {"uv": [1, 5, 4, 4], "rotation": 90, "texture": "#4"},
				"west": {"uv": [1, 5, 4, 4], "rotation": 90, "texture": "#4"},
				"up": {"uv": [1, 5, 4, 4], "rotation": 180, "texture": "#4"},
				"down": {"uv": [1, 5, 4, 4], "texture": "#4"}
			}
		},
		{
			"from": [2.0815, 10.14565, 9.91411],
			"to": [3.0815, 14.64565, 10.41411],
			"rotation": {"angle": 22.5, "axis": "y", "origin": [-1.51294, 17.55431, 10.69444]},
			"faces": {
				"north": {"uv": [1, 5, 4, 4], "rotation": 90, "texture": "#4"},
				"east": {"uv": [1, 5, 4, 4], "rotation": 270, "texture": "#4"},
				"south": {"uv": [1, 5, 4, 4], "rotation": 90, "texture": "#4"},
				"west": {"uv": [1, 5, 4, 4], "rotation": 90, "texture": "#4"},
				"up": {"uv": [1, 5, 4, 4], "rotation": 180, "texture": "#4"},
				"down": {"uv": [1, 5, 4, 4], "texture": "#4"}
			}
		},
		{
			"from": [2.2815, 10.5, 8.70739],
			"to": [3.2815, 14, 12.70739],
			"rotation": {"angle": 22.5, "axis": "y", "origin": [-1.51294, 17.55431, 10.69444]},
			"faces": {
				"north": {"uv": [1, 4, 2, 7.5], "texture": "#8"},
				"east": {"uv": [1, 4, 5, 7.5], "texture": "#8"},
				"south": {"uv": [1, 4, 2, 7.5], "texture": "#8"},
				"west": {"uv": [1, 4, 5, 7.5], "texture": "#8"},
				"up": {"uv": [1, 4, 5, 5], "rotation": 90, "texture": "#8"},
				"down": {"uv": [1, 4, 5, 5], "rotation": 270, "texture": "#8"}
			}
		},
		{
			"from": [13.79261, 16, 5.1815],
			"to": [14.79261, 21, 8.1815],
			"rotation": {"angle": 0, "axis": "y", "origin": [-1.51294, 17.55431, 10.69444]},
			"faces": {
				"north": {"uv": [0, 0, 1, 1], "texture": "#8"},
				"east": {"uv": [0, 0, 1, 1], "texture": "#8"},
				"south": {"uv": [0, 0, 1, 1], "texture": "#8"},
				"west": {"uv": [0, 0, 1, 1], "texture": "#8"},
				"up": {"uv": [0, 0, 1, 1], "texture": "#8"},
				"down": {"uv": [0, 0, 1, 1], "texture": "#8"}
			}
		},
		{
			"from": [14.09261, 19, 7.0815],
			"to": [15.09261, 19.5, 8.0815],
			"rotation": {"angle": 0, "axis": "y", "origin": [-1.51294, 17.55431, 10.69444]},
			"faces": {
				"north": {"uv": [8, 7, 11, 8], "texture": "#7"},
				"east": {"uv": [8, 7, 11, 8], "texture": "#7"},
				"south": {"uv": [8, 7, 11, 8], "texture": "#7"},
				"west": {"uv": [8, 7, 11, 8], "texture": "#7"},
				"up": {"uv": [8, 7, 11, 8], "texture": "#7"},
				"down": {"uv": [8, 7, 11, 8], "texture": "#7"}
			}
		},
		{
			"from": [14.09261, 19, 5.2815],
			"to": [15.09261, 19.5, 6.2815],
			"rotation": {"angle": 0, "axis": "y", "origin": [-1.51294, 17.55431, 10.69444]},
			"faces": {
				"north": {"uv": [8, 7, 11, 8], "texture": "#7"},
				"east": {"uv": [8, 7, 11, 8], "texture": "#7"},
				"south": {"uv": [8, 7, 11, 8], "texture": "#7"},
				"west": {"uv": [8, 7, 11, 8], "texture": "#7"},
				"up": {"uv": [8, 7, 11, 8], "texture": "#7"},
				"down": {"uv": [8, 7, 11, 8], "texture": "#7"}
			}
		},
		{
			"from": [14.79261, 18, 5.2],
			"to": [15.09261, 18.5, 8.2],
			"rotation": {"angle": 0, "axis": "y", "origin": [-1.51294, 17.55431, 10.69444]},
			"faces": {
				"north": {"uv": [8, 3, 9, 4], "texture": "#11"},
				"east": {"uv": [8, 3, 9, 4], "texture": "#11"},
				"south": {"uv": [8, 3, 9, 4], "texture": "#11"},
				"west": {"uv": [8, 3, 9, 4], "texture": "#11"},
				"up": {"uv": [8, 3, 9, 4], "texture": "#11"},
				"down": {"uv": [8, 3, 9, 4], "texture": "#11"}
			}
		},
		{
			"from": [14.79261, 17, 5.95],
			"to": [15.09261, 17.75, 7.45],
			"rotation": {"angle": 0, "axis": "y", "origin": [-1.51294, 17.55431, 10.69444]},
			"faces": {
				"north": {"uv": [8, 7, 9, 8], "texture": "#7"},
				"east": {"uv": [8, 7, 9, 8], "texture": "#7"},
				"south": {"uv": [8, 7, 9, 8], "texture": "#7"},
				"west": {"uv": [8, 7, 9, 8], "texture": "#7"},
				"up": {"uv": [8, 7, 9, 8], "texture": "#7"},
				"down": {"uv": [8, 7, 9, 8], "texture": "#7"}
			}
		},
		{
			"from": [13.99261, 16.75726, 7.51441],
			"to": [14.99261, 19.75726, 8.01441],
			"rotation": {"angle": 0, "axis": "y", "origin": [-1.51294, 17.55431, 10.69444]},
			"faces": {
				"north": {"uv": [8, 3, 9, 4], "rotation": 90, "texture": "#11"},
				"east": {"uv": [8, 3, 9, 4], "rotation": 90, "texture": "#11"},
				"south": {"uv": [8, 3, 9, 4], "rotation": 90, "texture": "#11"},
				"west": {"uv": [8, 3, 9, 4], "rotation": 90, "texture": "#11"},
				"up": {"uv": [8, 3, 9, 4], "rotation": 90, "texture": "#11"},
				"down": {"uv": [8, 3, 9, 4], "rotation": 90, "texture": "#11"}
			}
		},
		{
			"from": [13.89261, 16.77565, 5.40477],
			"to": [14.89261, 19.77565, 5.90477],
			"rotation": {"angle": 0, "axis": "y", "origin": [-1.51294, 17.55431, 10.69444]},
			"faces": {
				"north": {"uv": [8, 3, 9, 4], "rotation": 90, "texture": "#11"},
				"east": {"uv": [8, 3, 9, 4], "rotation": 90, "texture": "#11"},
				"south": {"uv": [8, 3, 9, 4], "rotation": 90, "texture": "#11"},
				"west": {"uv": [8, 3, 9, 4], "rotation": 90, "texture": "#11"},
				"up": {"uv": [8, 3, 9, 4], "rotation": 90, "texture": "#11"},
				"down": {"uv": [8, 3, 9, 4], "rotation": 90, "texture": "#11"}
			}
		},
		{
			"from": [13.99261, 18.16053, 5.95531],
			"to": [14.99261, 20.66053, 6.45531],
			"rotation": {"angle": 0, "axis": "y", "origin": [-1.51294, 17.55431, 10.69444]},
			"faces": {
				"north": {"uv": [8, 3, 9, 4], "rotation": 90, "texture": "#4"},
				"east": {"uv": [8, 3, 9, 4], "rotation": 90, "texture": "#4"},
				"south": {"uv": [8, 3, 9, 4], "rotation": 90, "texture": "#4"},
				"west": {"uv": [8, 3, 9, 4], "rotation": 90, "texture": "#4"},
				"up": {"uv": [8, 3, 9, 4], "rotation": 90, "texture": "#4"},
				"down": {"uv": [8, 3, 9, 4], "rotation": 90, "texture": "#4"}
			}
		},
		{
			"from": [13.89261, 18.14565, 6.97477],
			"to": [14.89261, 20.64565, 7.47477],
			"rotation": {"angle": 0, "axis": "y", "origin": [-1.51294, 17.55431, 10.69444]},
			"faces": {
				"north": {"uv": [8, 3, 9, 4], "rotation": 90, "texture": "#4"},
				"east": {"uv": [8, 3, 9, 4], "rotation": 90, "texture": "#4"},
				"south": {"uv": [8, 3, 9, 4], "rotation": 90, "texture": "#4"},
				"west": {"uv": [8, 3, 9, 4], "rotation": 90, "texture": "#4"},
				"up": {"uv": [8, 3, 9, 4], "rotation": 90, "texture": "#4"},
				"down": {"uv": [8, 3, 9, 4], "rotation": 90, "texture": "#4"}
			}
		},
		{
			"from": [13.69261, 16.5, 4.6815],
			"to": [14.69261, 20, 8.6815],
			"rotation": {"angle": 0, "axis": "y", "origin": [-1.51294, 17.55431, 10.69444]},
			"faces": {
				"north": {"uv": [0, 0, 1, 1], "texture": "#8"},
				"east": {"uv": [0, 0, 1, 1], "texture": "#8"},
				"south": {"uv": [0, 0, 1, 1], "texture": "#8"},
				"west": {"uv": [0, 0, 1, 1], "texture": "#8"},
				"up": {"uv": [0, 0, 1, 1], "texture": "#8"},
				"down": {"uv": [0, 0, 1, 1], "texture": "#8"}
			}
		},
		{
			"from": [10.95096, 16, 9.63397],
			"to": [13.95096, 21.1, 10.63397],
			"rotation": {"angle": 22.5, "axis": "y", "origin": [12.45096, 18.375, 10.40183]},
			"faces": {
				"north": {"uv": [1, 5, 2, 6], "texture": "#1"},
				"east": {"uv": [1, 5, 2, 6], "texture": "#1"},
				"south": {"uv": [1, 5, 2, 6], "texture": "#1"},
				"west": {"uv": [1, 5, 2, 6], "texture": "#1"},
				"up": {"uv": [1, 5, 2, 6], "texture": "#1"},
				"down": {"uv": [1, 5, 2, 6], "texture": "#1"}
			}
		},
		{
			"from": [11.25096, 19, 9.93397],
			"to": [11.75096, 19.5, 10.93397],
			"rotation": {"angle": 22.5, "axis": "y", "origin": [12.45096, 18.375, 10.40183]},
			"faces": {
				"north": {"uv": [1, 4, 4, 5], "texture": "#3"},
				"east": {"uv": [1, 4, 4, 5], "texture": "#3"},
				"south": {"uv": [1, 4, 4, 5], "texture": "#3"},
				"west": {"uv": [1, 4, 4, 5], "texture": "#3"},
				"up": {"uv": [1, 4, 4, 5], "texture": "#3"},
				"down": {"uv": [1, 4, 4, 5], "texture": "#3"}
			}
		},
		{
			"from": [11.20096, 17.25, 9.93397],
			"to": [13.70096, 17.75, 10.93397],
			"rotation": {"angle": 22.5, "axis": "y", "origin": [12.45096, 18.375, 10.40183]},
			"faces": {
				"north": {"uv": [1, 4, 4, 5], "texture": "#3"},
				"east": {"uv": [1, 4, 4, 5], "texture": "#3"},
				"south": {"uv": [1, 4, 4, 5], "texture": "#3"},
				"west": {"uv": [1, 4, 4, 5], "texture": "#3"},
				"up": {"uv": [1, 4, 4, 5], "texture": "#3"},
				"down": {"uv": [1, 4, 4, 5], "texture": "#3"}
			}
		},
		{
			"from": [11.20096, 20, 9.75],
			"to": [13.70096, 20.2, 10.75],
			"rotation": {"angle": 22.5, "axis": "y", "origin": [12.45096, 18.375, 10.40183]},
			"faces": {
				"north": {"uv": [1, 4, 4, 5], "texture": "#3"},
				"east": {"uv": [1, 4, 4, 5], "texture": "#3"},
				"south": {"uv": [1, 4, 4, 5], "texture": "#3"},
				"west": {"uv": [1, 4, 4, 5], "texture": "#3"},
				"up": {"uv": [1, 4, 4, 5], "texture": "#3"},
				"down": {"uv": [1, 4, 4, 5], "texture": "#3"}
			}
		},
		{
			"from": [11.70096, 16.75, 9.93397],
			"to": [13.20096, 17.25, 10.93397],
			"rotation": {"angle": 22.5, "axis": "y", "origin": [12.45096, 18.375, 10.40183]},
			"faces": {
				"north": {"uv": [1, 4, 4, 5], "texture": "#3"},
				"east": {"uv": [1, 4, 4, 5], "texture": "#3"},
				"south": {"uv": [1, 4, 4, 5], "texture": "#3"},
				"west": {"uv": [1, 4, 4, 5], "texture": "#3"},
				"up": {"uv": [1, 4, 4, 5], "texture": "#3"},
				"down": {"uv": [1, 4, 4, 5], "texture": "#3"}
			}
		},
		{
			"from": [13.15096, 19, 9.93397],
			"to": [13.65096, 19.5, 10.93397],
			"rotation": {"angle": 22.5, "axis": "y", "origin": [12.45096, 18.375, 10.40183]},
			"faces": {
				"north": {"uv": [1, 4, 4, 5], "texture": "#3"},
				"east": {"uv": [1, 4, 4, 5], "texture": "#3"},
				"south": {"uv": [1, 4, 4, 5], "texture": "#3"},
				"west": {"uv": [1, 4, 4, 5], "texture": "#3"},
				"up": {"uv": [1, 4, 4, 5], "texture": "#3"},
				"down": {"uv": [1, 4, 4, 5], "texture": "#3"}
			}
		},
		{
			"from": [10.45096, 16.5, 9.53397],
			"to": [14.45096, 20.25, 10.53397],
			"rotation": {"angle": 22.5, "axis": "y", "origin": [12.45096, 18.375, 10.40183]},
			"faces": {
				"north": {"uv": [1, 4, 2, 7.5], "texture": "#1"},
				"east": {"uv": [1, 4, 2, 7.5], "texture": "#1"},
				"south": {"uv": [1, 4, 2, 7.5], "texture": "#1"},
				"west": {"uv": [1, 4, 2, 7.5], "texture": "#1"},
				"up": {"uv": [1, 4, 2, 7.5], "texture": "#1"},
				"down": {"uv": [1, 4, 2, 7.5], "texture": "#1"}
			}
		},
		{
			"from": [11.95096, 18, 10.53397],
			"to": [12.95096, 19.75, 11.28397],
			"rotation": {"angle": 22.5, "axis": "y", "origin": [12.45096, 18.375, 10.40183]},
			"faces": {
				"north": {"uv": [1, 4, 2, 7.5], "texture": "#1"},
				"east": {"uv": [1, 4, 2, 7.5], "texture": "#1"},
				"south": {"uv": [1, 4, 2, 7.5], "texture": "#1"},
				"west": {"uv": [1, 4, 2, 7.5], "texture": "#1"},
				"up": {"uv": [1, 4, 2, 7.5], "texture": "#1"},
				"down": {"uv": [1, 4, 2, 7.5], "texture": "#1"}
			}
		},
		{
			"from": [15.6831, 11, 3.90183],
			"to": [16.6831, 14, 6.90183],
			"rotation": {"angle": 22.5, "axis": "y", "origin": [12.45096, 18.375, 10.40183]},
			"faces": {
				"north": {"uv": [1, 5, 2, 6], "texture": "#10"},
				"east": {"uv": [1, 5, 2, 6], "texture": "#10"},
				"south": {"uv": [1, 5, 2, 6], "texture": "#10"},
				"west": {"uv": [1, 5, 2, 6], "texture": "#10"},
				"up": {"uv": [1, 5, 2, 6], "rotation": 270, "texture": "#10"},
				"down": {"uv": [1, 5, 2, 6], "rotation": 90, "texture": "#10"}
			}
		},
		{
			"from": [15.6831, 14, 3.90183],
			"to": [16.6831, 16, 6.90183],
			"rotation": {"angle": 22.5, "axis": "y", "origin": [12.45096, 18.375, 10.40183]},
			"faces": {
				"north": {"uv": [8, 3, 9, 4], "texture": "#11"},
				"east": {"uv": [8, 3, 9, 4], "texture": "#11"},
				"south": {"uv": [8, 3, 9, 4], "texture": "#11"},
				"west": {"uv": [8, 3, 9, 4], "texture": "#11"},
				"up": {"uv": [8, 3, 9, 4], "texture": "#11"},
				"down": {"uv": [8, 3, 9, 4], "texture": "#11"}
			}
		},
		{
			"from": [15.9831, 14, 6.10183],
			"to": [16.9831, 14.5, 6.60183],
			"rotation": {"angle": 22.5, "axis": "y", "origin": [12.45096, 18.375, 10.40183]},
			"faces": {
				"north": {"uv": [1, 4, 1.5, 4.5], "texture": "#4"},
				"east": {"uv": [1, 4, 1.5, 4.5], "texture": "#4"},
				"south": {"uv": [1, 4, 1.5, 4.5], "texture": "#4"},
				"west": {"uv": [1, 4, 1.5, 4.5], "texture": "#4"},
				"up": {"uv": [1, 4, 1.5, 4.5], "texture": "#4"},
				"down": {"uv": [1, 4, 1.5, 4.5], "texture": "#4"}
			}
		},
		{
			"from": [15.9831, 12.25, 4.15183],
			"to": [16.9831, 12.75, 6.65183],
			"rotation": {"angle": 22.5, "axis": "y", "origin": [12.45096, 18.375, 10.40183]},
			"faces": {
				"north": {"uv": [1, 4, 4, 5], "texture": "#3"},
				"east": {"uv": [1, 4, 4, 5], "texture": "#3"},
				"south": {"uv": [1, 4, 4, 5], "texture": "#3"},
				"west": {"uv": [1, 4, 4, 5], "texture": "#3"},
				"up": {"uv": [1, 4, 4, 5], "rotation": 270, "texture": "#3"},
				"down": {"uv": [1, 4, 4, 5], "rotation": 90, "texture": "#3"}
			}
		},
		{
			"from": [15.79913, 15, 4.15183],
			"to": [16.79913, 15.2, 6.65183],
			"rotation": {"angle": 22.5, "axis": "y", "origin": [12.45096, 18.375, 10.40183]},
			"faces": {
				"north": {"uv": [1, 4, 4, 5], "texture": "#3"},
				"east": {"uv": [1, 4, 4, 5], "texture": "#3"},
				"south": {"uv": [1, 4, 4, 5], "texture": "#3"},
				"west": {"uv": [1, 4, 4, 5], "texture": "#3"},
				"up": {"uv": [1, 4, 4, 5], "rotation": 270, "texture": "#3"},
				"down": {"uv": [1, 4, 4, 5], "rotation": 90, "texture": "#3"}
			}
		},
		{
			"from": [15.9831, 11.75, 4.65183],
			"to": [16.9831, 12.25, 6.15183],
			"rotation": {"angle": 22.5, "axis": "y", "origin": [12.45096, 18.375, 10.40183]},
			"faces": {
				"north": {"uv": [1, 4, 4, 5], "texture": "#3"},
				"east": {"uv": [1, 4, 4, 5], "texture": "#3"},
				"south": {"uv": [1, 4, 4, 5], "texture": "#3"},
				"west": {"uv": [1, 4, 4, 5], "texture": "#3"},
				"up": {"uv": [1, 4, 4, 5], "rotation": 270, "texture": "#3"},
				"down": {"uv": [1, 4, 4, 5], "rotation": 90, "texture": "#3"}
			}
		},
		{
			"from": [15.9831, 14, 4.20183],
			"to": [16.9831, 14.5, 4.70183],
			"rotation": {"angle": 22.5, "axis": "y", "origin": [12.45096, 18.375, 10.40183]},
			"faces": {
				"north": {"uv": [1, 4, 1.5, 4.5], "texture": "#4"},
				"east": {"uv": [1, 4, 1.5, 4.5], "texture": "#4"},
				"south": {"uv": [1, 4, 1.5, 4.5], "texture": "#4"},
				"west": {"uv": [1, 4, 1.5, 4.5], "texture": "#4"},
				"up": {"uv": [1, 4, 1.5, 4.5], "texture": "#4"},
				"down": {"uv": [1, 4, 1.5, 4.5], "texture": "#4"}
			}
		},
		{
			"from": [15.5831, 11.5, 3.40183],
			"to": [16.5831, 15.25, 7.40183],
			"rotation": {"angle": 22.5, "axis": "y", "origin": [12.45096, 18.375, 10.40183]},
			"faces": {
				"north": {"uv": [1, 4, 2, 7.5], "texture": "#10"},
				"east": {"uv": [1, 4, 2, 7.5], "texture": "#10"},
				"south": {"uv": [1, 4, 2, 7.5], "texture": "#10"},
				"west": {"uv": [1, 4, 2, 7.5], "texture": "#10"},
				"up": {"uv": [1, 4, 2, 7.5], "rotation": 270, "texture": "#10"},
				"down": {"uv": [1, 4, 2, 7.5], "rotation": 90, "texture": "#10"}
			}
		},
		{
			"from": [15.5831, 12.5, 5.25],
			"to": [17.0831, 14.5, 5.5],
			"rotation": {"angle": 22.5, "axis": "y", "origin": [12.45096, 18.375, 10.40183]},
			"faces": {
				"north": {"uv": [1, 4, 2, 7.5], "texture": "#10"},
				"east": {"uv": [1, 4, 2, 7.5], "texture": "#10"},
				"south": {"uv": [1, 4, 2, 7.5], "texture": "#10"},
				"west": {"uv": [1, 4, 2, 7.5], "texture": "#10"},
				"up": {"uv": [1, 4, 2, 7.5], "rotation": 270, "texture": "#10"},
				"down": {"uv": [1, 4, 2, 7.5], "rotation": 90, "texture": "#10"}
			}
		},
		{
			"from": [1.1815, 16, 4.20739],
			"to": [2.1815, 21, 7.20739],
			"rotation": {"angle": 0, "axis": "y", "origin": [0.49817, 18.4489, 5.66515]},
			"faces": {
				"north": {"uv": [0, 0, 1, 5], "texture": "#9"},
				"east": {"uv": [0, 0, 3, 5], "texture": "#9"},
				"south": {"uv": [0, 0, 1, 5], "texture": "#9"},
				"west": {"uv": [0, 0, 3, 5], "texture": "#9"},
				"up": {"uv": [0, 0, 1, 3], "texture": "#9"},
				"down": {"uv": [0, 0, 1, 3], "texture": "#9"}
			}
		},
		{
			"from": [0.8815, 19, 4.30739],
			"to": [1.8815, 20, 5.30739],
			"rotation": {"angle": 0, "axis": "y", "origin": [0.49817, 18.4489, 5.66515]},
			"faces": {
				"north": {"uv": [1, 4, 4, 5], "texture": "#3"},
				"east": {"uv": [1, 4, 4, 5], "texture": "#3"},
				"south": {"uv": [1, 4, 4, 5], "texture": "#3"},
				"west": {"uv": [1, 4, 4, 5], "texture": "#3"},
				"up": {"uv": [1, 4, 4, 5], "rotation": 90, "texture": "#3"},
				"down": {"uv": [1, 4, 4, 5], "rotation": 270, "texture": "#3"}
			}
		},
		{
			"from": [0.8815, 17.81827, 5.60953],
			"to": [1.8815, 18.56827, 7.60953],
			"rotation": {"angle": 45, "axis": "x", "origin": [0.49817, 18.4489, 5.66515]},
			"faces": {
				"north": {"uv": [1, 4, 4, 5], "texture": "#3"},
				"east": {"uv": [1, 4, 4, 5], "texture": "#3"},
				"south": {"uv": [1, 4, 4, 5], "texture": "#3"},
				"west": {"uv": [1, 4, 4, 5], "texture": "#3"},
				"up": {"uv": [1, 4, 4, 5], "rotation": 90, "texture": "#3"},
				"down": {"uv": [1, 4, 4, 5], "rotation": 270, "texture": "#3"}
			}
		},
		{
			"from": [0.8815, 17.75578, 3.79438],
			"to": [1.8815, 18.50578, 5.04438],
			"rotation": {"angle": -45, "axis": "x", "origin": [0.49817, 18.4489, 5.66515]},
			"faces": {
				"north": {"uv": [1, 4, 4, 5], "texture": "#3"},
				"east": {"uv": [1, 4, 4, 5], "texture": "#3"},
				"south": {"uv": [1, 4, 4, 5], "texture": "#3"},
				"west": {"uv": [1, 4, 4, 5], "texture": "#3"},
				"up": {"uv": [1, 4, 4, 5], "rotation": 90, "texture": "#3"},
				"down": {"uv": [1, 4, 4, 5], "rotation": 270, "texture": "#3"}
			}
		},
		{
			"from": [0.8815, 19, 6.10739],
			"to": [1.8815, 20, 7.10739],
			"rotation": {"angle": 0, "axis": "y", "origin": [0.49817, 18.4489, 5.66515]},
			"faces": {
				"north": {"uv": [1, 4, 4, 5], "texture": "#3"},
				"east": {"uv": [1, 4, 4, 5], "texture": "#3"},
				"south": {"uv": [1, 4, 4, 5], "texture": "#3"},
				"west": {"uv": [1, 4, 4, 5], "texture": "#3"},
				"up": {"uv": [1, 4, 4, 5], "rotation": 90, "texture": "#3"},
				"down": {"uv": [1, 4, 4, 5], "rotation": 270, "texture": "#3"}
			}
		},
		{
			"from": [1.2815, 16.5, 3.70739],
			"to": [2.2815, 20, 7.70739],
			"rotation": {"angle": 0, "axis": "y", "origin": [0.49817, 18.4489, 5.66515]},
			"faces": {
				"north": {"uv": [0, 0, 1, 3.5], "texture": "#9"},
				"east": {"uv": [0, 0, 4, 3.5], "texture": "#9"},
				"south": {"uv": [0, 0, 1, 3.5], "texture": "#9"},
				"west": {"uv": [0, 0, 4, 3.5], "texture": "#9"},
				"up": {"uv": [0, 0, 1, 4], "texture": "#9"},
				"down": {"uv": [0, 0, 1, 4], "texture": "#9"}
			}
		},
		{
			"from": [10.95594, 24, 1.34849],
			"to": [13.95594, 29, 2.34849],
			"rotation": {"angle": 22.5, "axis": "x", "origin": [12.43671, 25.84936, 2.62626]},
			"faces": {
				"north": {"uv": [4, 2, 5, 3], "texture": "#5"},
				"east": {"uv": [4, 2, 5, 3], "texture": "#5"},
				"south": {"uv": [4, 2, 5, 3], "texture": "#5"},
				"west": {"uv": [4, 2, 5, 3], "texture": "#5"},
				"up": {"uv": [4, 2, 5, 3], "texture": "#5"},
				"down": {"uv": [4, 2, 5, 3], "texture": "#5"}
			}
		},
		{
			"from": [12.85594, 26.75, 1.04849],
			"to": [13.85594, 27.75, 2.04849],
			"rotation": {"angle": 22.5, "axis": "x", "origin": [12.43671, 25.84936, 2.62626]},
			"faces": {
				"north": {"uv": [1, 4, 4, 5], "texture": "#3"},
				"east": {"uv": [1, 4, 4, 5], "texture": "#3"},
				"south": {"uv": [1, 4, 4, 5], "texture": "#3"},
				"west": {"uv": [1, 4, 4, 5], "texture": "#3"},
				"up": {"uv": [1, 4, 4, 5], "rotation": 180, "texture": "#3"},
				"down": {"uv": [1, 4, 4, 5], "rotation": 180, "texture": "#3"}
			}
		},
		{
			"from": [11.80504, 24.5, 1.04849],
			"to": [13.05504, 25.75, 2.04849],
			"rotation": {"angle": 22.5, "axis": "x", "origin": [12.43671, 25.84936, 2.62626]},
			"faces": {
				"north": {"uv": [1, 4, 4, 5], "rotation": 270, "texture": "#3"},
				"east": {"uv": [1, 4, 4, 5], "rotation": 270, "texture": "#3"},
				"south": {"uv": [1, 4, 4, 5], "rotation": 90, "texture": "#3"},
				"west": {"uv": [1, 4, 4, 5], "rotation": 270, "texture": "#3"},
				"up": {"uv": [1, 4, 4, 5], "rotation": 90, "texture": "#3"},
				"down": {"uv": [1, 4, 4, 5], "rotation": 90, "texture": "#3"}
			}
		},
		{
			"from": [12.05, 26.25, 1.04849],
			"to": [12.3, 26.5, 2.04849],
			"rotation": {"angle": 22.5, "axis": "x", "origin": [12.43671, 25.84936, 2.62626]},
			"faces": {
				"north": {"uv": [1, 4, 4, 5], "rotation": 270, "texture": "#3"},
				"east": {"uv": [1, 4, 4, 5], "rotation": 270, "texture": "#3"},
				"south": {"uv": [1, 4, 4, 5], "rotation": 90, "texture": "#3"},
				"west": {"uv": [1, 4, 4, 5], "rotation": 270, "texture": "#3"},
				"up": {"uv": [1, 4, 4, 5], "rotation": 90, "texture": "#3"},
				"down": {"uv": [1, 4, 4, 5], "rotation": 90, "texture": "#3"}
			}
		},
		{
			"from": [12.55, 26.25, 1.04849],
			"to": [12.8, 26.5, 2.04849],
			"rotation": {"angle": 22.5, "axis": "x", "origin": [12.43671, 25.84936, 2.62626]},
			"faces": {
				"north": {"uv": [1, 4, 4, 5], "rotation": 270, "texture": "#3"},
				"east": {"uv": [1, 4, 4, 5], "rotation": 270, "texture": "#3"},
				"south": {"uv": [1, 4, 4, 5], "rotation": 90, "texture": "#3"},
				"west": {"uv": [1, 4, 4, 5], "rotation": 270, "texture": "#3"},
				"up": {"uv": [1, 4, 4, 5], "rotation": 90, "texture": "#3"},
				"down": {"uv": [1, 4, 4, 5], "rotation": 90, "texture": "#3"}
			}
		},
		{
			"from": [11.05594, 26.75, 1.04849],
			"to": [12.05594, 27.75, 2.04849],
			"rotation": {"angle": 22.5, "axis": "x", "origin": [12.43671, 25.84936, 2.62626]},
			"faces": {
				"north": {"uv": [1, 4, 4, 5], "texture": "#3"},
				"east": {"uv": [1, 4, 4, 5], "texture": "#3"},
				"south": {"uv": [1, 4, 4, 5], "texture": "#3"},
				"west": {"uv": [1, 4, 4, 5], "texture": "#3"},
				"up": {"uv": [1, 4, 4, 5], "rotation": 180, "texture": "#3"},
				"down": {"uv": [1, 4, 4, 5], "rotation": 180, "texture": "#3"}
			}
		},
		{
			"from": [11, 28.25, 1.04849],
			"to": [12, 28.5, 2.04849],
			"rotation": {"angle": 22.5, "axis": "x", "origin": [12.43671, 25.84936, 2.62626]},
			"faces": {
				"north": {"uv": [1, 4, 4, 5], "texture": "#3"},
				"east": {"uv": [1, 4, 4, 5], "texture": "#3"},
				"south": {"uv": [1, 4, 4, 5], "texture": "#3"},
				"west": {"uv": [1, 4, 4, 5], "texture": "#3"},
				"up": {"uv": [1, 4, 4, 5], "rotation": 180, "texture": "#3"},
				"down": {"uv": [1, 4, 4, 5], "rotation": 180, "texture": "#3"}
			}
		},
		{
			"from": [12.9, 28.25, 1.04849],
			"to": [13.9, 28.5, 2.04849],
			"rotation": {"angle": 22.5, "axis": "x", "origin": [12.43671, 25.84936, 2.62626]},
			"faces": {
				"north": {"uv": [1, 4, 4, 5], "texture": "#3"},
				"east": {"uv": [1, 4, 4, 5], "texture": "#3"},
				"south": {"uv": [1, 4, 4, 5], "texture": "#3"},
				"west": {"uv": [1, 4, 4, 5], "texture": "#3"},
				"up": {"uv": [1, 4, 4, 5], "rotation": 180, "texture": "#3"},
				"down": {"uv": [1, 4, 4, 5], "rotation": 180, "texture": "#3"}
			}
		},
		{
			"from": [10.45594, 24.5, 1.44849],
			"to": [14.45594, 28, 2.44849],
			"rotation": {"angle": 22.5, "axis": "x", "origin": [12.43671, 25.84936, 2.62626]},
			"faces": {
				"north": {"uv": [4, 2, 5, 3], "texture": "#5"},
				"east": {"uv": [4, 2, 5, 3], "texture": "#5"},
				"south": {"uv": [4, 2, 5, 3], "texture": "#5"},
				"west": {"uv": [4, 2, 5, 3], "texture": "#5"},
				"up": {"uv": [4, 2, 5, 3], "texture": "#5"},
				"down": {"uv": [4, 2, 5, 3], "texture": "#5"}
			}
		},
		{
			"from": [15.71449, 6, 6.14549],
			"to": [16.71449, 11, 9.14549],
			"rotation": {"angle": -22.5, "axis": "y", "origin": [12.43671, 25.84936, 2.62626]},
			"faces": {
				"north": {"uv": [4, 2, 5, 3], "texture": "#5"},
				"east": {"uv": [4, 2, 5, 3], "texture": "#5"},
				"south": {"uv": [4, 2, 5, 3], "texture": "#5"},
				"west": {"uv": [4, 2, 5, 3], "texture": "#5"},
				"up": {"uv": [4, 2, 5, 3], "rotation": 90, "texture": "#5"},
				"down": {"uv": [4, 2, 5, 3], "rotation": 270, "texture": "#5"}
			}
		},
		{
			"from": [16.01449, 8.25, 8.04549],
			"to": [17.01449, 10.25, 8.54549],
			"rotation": {"angle": -22.5, "axis": "y", "origin": [12.43671, 25.84936, 2.62626]},
			"faces": {
				"north": {"uv": [1, 4, 4, 5], "texture": "#3"},
				"east": {"uv": [1, 4, 4, 5], "texture": "#3"},
				"south": {"uv": [1, 4, 4, 5], "texture": "#3"},
				"west": {"uv": [1, 4, 4, 5], "texture": "#3"},
				"up": {"uv": [1, 4, 4, 5], "rotation": 270, "texture": "#3"},
				"down": {"uv": [1, 4, 4, 5], "rotation": 90, "texture": "#3"}
			}
		},
		{
			"from": [16.01449, 7, 6.25],
			"to": [17.01449, 7.5, 9],
			"rotation": {"angle": -22.5, "axis": "y", "origin": [12.43671, 25.84936, 2.62626]},
			"faces": {
				"north": {"uv": [1, 4, 4, 5], "rotation": 270, "texture": "#3"},
				"east": {"uv": [1, 4, 4, 5], "rotation": 270, "texture": "#3"},
				"south": {"uv": [1, 4, 4, 5], "rotation": 270, "texture": "#3"},
				"west": {"uv": [1, 4, 4, 5], "rotation": 90, "texture": "#3"},
				"up": {"uv": [1, 4, 4, 5], "rotation": 180, "texture": "#3"},
				"down": {"uv": [1, 4, 4, 5], "texture": "#3"}
			}
		},
		{
			"from": [16.01449, 8, 7.23955],
			"to": [17.01449, 8.25, 7.48955],
			"rotation": {"angle": -22.5, "axis": "y", "origin": [12.43671, 25.84936, 2.62626]},
			"faces": {
				"north": {"uv": [1, 4, 4, 5], "rotation": 270, "texture": "#3"},
				"east": {"uv": [1, 4, 4, 5], "rotation": 270, "texture": "#3"},
				"south": {"uv": [1, 4, 4, 5], "rotation": 270, "texture": "#3"},
				"west": {"uv": [1, 4, 4, 5], "rotation": 90, "texture": "#3"},
				"up": {"uv": [1, 4, 4, 5], "rotation": 180, "texture": "#3"},
				"down": {"uv": [1, 4, 4, 5], "texture": "#3"}
			}
		},
		{
			"from": [16.01449, 8, 7.73955],
			"to": [17.01449, 8.25, 7.98955],
			"rotation": {"angle": -22.5, "axis": "y", "origin": [12.43671, 25.84936, 2.62626]},
			"faces": {
				"north": {"uv": [1, 4, 4, 5], "rotation": 270, "texture": "#3"},
				"east": {"uv": [1, 4, 4, 5], "rotation": 270, "texture": "#3"},
				"south": {"uv": [1, 4, 4, 5], "rotation": 270, "texture": "#3"},
				"west": {"uv": [1, 4, 4, 5], "rotation": 90, "texture": "#3"},
				"up": {"uv": [1, 4, 4, 5], "rotation": 180, "texture": "#3"},
				"down": {"uv": [1, 4, 4, 5], "texture": "#3"}
			}
		},
		{
			"from": [16.01449, 8.25, 6.65],
			"to": [17.01449, 10.25, 7.15],
			"rotation": {"angle": -22.5, "axis": "y", "origin": [12.43671, 25.84936, 2.62626]},
			"faces": {
				"north": {"uv": [1, 4, 4, 5], "texture": "#3"},
				"east": {"uv": [1, 4, 4, 5], "texture": "#3"},
				"south": {"uv": [1, 4, 4, 5], "texture": "#3"},
				"west": {"uv": [1, 4, 4, 5], "texture": "#3"},
				"up": {"uv": [1, 4, 4, 5], "rotation": 270, "texture": "#3"},
				"down": {"uv": [1, 4, 4, 5], "rotation": 90, "texture": "#3"}
			}
		},
		{
			"from": [15.61449, 6.5, 5.64549],
			"to": [16.61449, 10, 9.64549],
			"rotation": {"angle": -22.5, "axis": "y", "origin": [12.43671, 25.84936, 2.62626]},
			"faces": {
				"north": {"uv": [4, 2, 5, 3], "texture": "#5"},
				"east": {"uv": [4, 2, 5, 3], "texture": "#5"},
				"south": {"uv": [4, 2, 5, 3], "texture": "#5"},
				"west": {"uv": [4, 2, 5, 3], "texture": "#5"},
				"up": {"uv": [4, 2, 5, 3], "rotation": 90, "texture": "#5"},
				"down": {"uv": [4, 2, 5, 3], "rotation": 270, "texture": "#5"}
			}
		},
		{
			"from": [1.1815, 4, 3.20739],
			"to": [2.1815, 8, 6.20739],
			"rotation": {"angle": 22.5, "axis": "z", "origin": [0.49817, 6.4489, 4.66515]},
			"faces": {
				"north": {"uv": [0, 0, 1, 5], "texture": "#9"},
				"east": {"uv": [0, 0, 3, 5], "texture": "#9"},
				"south": {"uv": [0, 0, 1, 5], "texture": "#9"},
				"west": {"uv": [14, 2, 15, 3], "texture": "#5"},
				"up": {"uv": [0, 0, 1, 3], "texture": "#9"},
				"down": {"uv": [0, 0, 1, 3], "texture": "#9"}
			}
		},
		{
			"from": [0.8, 6, 4.32],
			"to": [1.8, 8, 5.07],
			"rotation": {"angle": 0, "axis": "y", "origin": [0.49817, 6.4489, 4.66515]},
			"faces": {
				"north": {"uv": [0, 0, 1, 5], "texture": "#9"},
				"east": {"uv": [0, 0, 3, 5], "texture": "#9"},
				"south": {"uv": [0, 0, 1, 5], "texture": "#9"},
				"west": {"uv": [14, 2, 15, 3], "texture": "#5"},
				"up": {"uv": [0, 0, 1, 3], "texture": "#9"},
				"down": {"uv": [0, 0, 1, 3], "texture": "#9"}
			}
		},
		{
			"from": [1.1815, 8, 3.20739],
			"to": [2.1815, 9, 6.20739],
			"rotation": {"angle": 22.5, "axis": "z", "origin": [0.49817, 6.4489, 4.66515]},
			"faces": {
				"north": {"uv": [14, 1, 15, 2], "texture": "#0"},
				"east": {"uv": [14, 1, 15, 2], "texture": "#0"},
				"south": {"uv": [14, 1, 15, 2], "texture": "#0"},
				"west": {"uv": [14, 1, 15, 2], "texture": "#0"},
				"up": {"uv": [14, 1, 15, 2], "texture": "#0"},
				"down": {"uv": [14, 1, 15, 2], "texture": "#0"}
			}
		},
		{
			"from": [0.8815, 6.5, 3.5],
			"to": [1.8815, 7, 4],
			"rotation": {"angle": 22.5, "axis": "z", "origin": [0.49817, 6.4489, 4.66515]},
			"faces": {
				"north": {"uv": [1, 4, 4, 5], "texture": "#3"},
				"east": {"uv": [1, 4, 4, 5], "texture": "#3"},
				"south": {"uv": [1, 4, 4, 5], "texture": "#3"},
				"west": {"uv": [1, 4, 4, 5], "texture": "#3"},
				"up": {"uv": [1, 4, 4, 5], "rotation": 90, "texture": "#3"},
				"down": {"uv": [1, 4, 4, 5], "rotation": 270, "texture": "#3"}
			}
		},
		{
			"from": [0.8815, 6.5, 5.5],
			"to": [1.8815, 7, 6],
			"rotation": {"angle": 22.5, "axis": "z", "origin": [0.49817, 6.4489, 4.66515]},
			"faces": {
				"north": {"uv": [1, 4, 4, 5], "texture": "#3"},
				"east": {"uv": [1, 4, 4, 5], "texture": "#3"},
				"south": {"uv": [1, 4, 4, 5], "texture": "#3"},
				"west": {"uv": [1, 4, 4, 5], "texture": "#3"},
				"up": {"uv": [1, 4, 4, 5], "rotation": 90, "texture": "#3"},
				"down": {"uv": [1, 4, 4, 5], "rotation": 270, "texture": "#3"}
			}
		},
		{
			"from": [0.8815, 5, 3.5],
			"to": [1.8815, 5.2, 6],
			"rotation": {"angle": 22.5, "axis": "z", "origin": [0.49817, 6.4489, 4.66515]},
			"faces": {
				"north": {"uv": [1, 4, 4, 5], "texture": "#3"},
				"east": {"uv": [1, 4, 4, 5], "texture": "#3"},
				"south": {"uv": [1, 4, 4, 5], "texture": "#3"},
				"west": {"uv": [1, 4, 4, 5], "texture": "#3"},
				"up": {"uv": [1, 4, 4, 5], "rotation": 90, "texture": "#3"},
				"down": {"uv": [1, 4, 4, 5], "rotation": 270, "texture": "#3"}
			}
		},
		{
			"from": [1.2815, 4.5, 2.70739],
			"to": [2.2815, 8, 6.70739],
			"rotation": {"angle": 22.5, "axis": "z", "origin": [0.49817, 6.4489, 4.66515]},
			"faces": {
				"north": {"uv": [14, 1, 15, 2], "texture": "#0"},
				"east": {"uv": [14, 1, 15, 2], "texture": "#0"},
				"south": {"uv": [14, 1, 15, 2], "texture": "#0"},
				"west": {"uv": [14, 1, 15, 2], "texture": "#0"},
				"up": {"uv": [14, 1, 15, 2], "texture": "#0"},
				"down": {"uv": [14, 1, 15, 2], "texture": "#0"}
			}
		},
		{
			"from": [11.0404, 22, 9.98182],
			"to": [14.0404, 27, 10.98182],
			"rotation": {"angle": 0, "axis": "y", "origin": [0.49817, 18.4489, 5.66515]},
			"faces": {
				"north": {"uv": [6, 0, 9, 5], "texture": "#8"},
				"east": {"uv": [7, 0, 8, 5], "texture": "#8"},
				"south": {"uv": [6, 0, 9, 5], "texture": "#8"},
				"west": {"uv": [7, 0, 8, 5], "texture": "#8"},
				"up": {"uv": [7, 0, 10, 1], "texture": "#8"},
				"down": {"uv": [7, 0, 10, 1], "texture": "#8"}
			}
		},
		{
			"from": [11.1404, 25, 10.28182],
			"to": [12.1404, 26, 11.28182],
			"rotation": {"angle": 0, "axis": "y", "origin": [0.49817, 18.4489, 5.66515]},
			"faces": {
				"north": {"uv": [1, 4, 4, 5], "texture": "#3"},
				"east": {"uv": [1, 4, 4, 5], "texture": "#3"},
				"south": {"uv": [1, 4, 4, 5], "texture": "#3"},
				"west": {"uv": [1, 4, 4, 5], "texture": "#3"},
				"up": {"uv": [1, 4, 4, 5], "texture": "#3"},
				"down": {"uv": [1, 4, 4, 5], "texture": "#3"}
			}
		},
		{
			"from": [12.05, 18.6, 10.28182],
			"to": [13.8, 19.1, 11.28182],
			"rotation": {"angle": 22.5, "axis": "z", "origin": [0.49817, 18.4489, 5.66515]},
			"faces": {
				"north": {"uv": [1, 4, 4, 5], "texture": "#3"},
				"east": {"uv": [1, 4, 4, 5], "texture": "#3"},
				"south": {"uv": [1, 4, 4, 5], "texture": "#3"},
				"west": {"uv": [1, 4, 4, 5], "texture": "#3"},
				"up": {"uv": [1, 4, 4, 5], "texture": "#3"},
				"down": {"uv": [1, 4, 4, 5], "texture": "#3"}
			}
		},
		{
			"from": [9.44255, 27.81827, 10.28182],
			"to": [11.19255, 28.31827, 11.28182],
			"rotation": {"angle": -22.5, "axis": "z", "origin": [0.49817, 18.4489, 5.66515]},
			"faces": {
				"north": {"uv": [1, 4, 4, 5], "texture": "#3"},
				"east": {"uv": [1, 4, 4, 5], "texture": "#3"},
				"south": {"uv": [1, 4, 4, 5], "texture": "#3"},
				"west": {"uv": [1, 4, 4, 5], "texture": "#3"},
				"up": {"uv": [1, 4, 4, 5], "texture": "#3"},
				"down": {"uv": [1, 4, 4, 5], "texture": "#3"}
			}
		},
		{
			"from": [12.9404, 25, 10.28182],
			"to": [13.9404, 26, 11.28182],
			"rotation": {"angle": 0, "axis": "y", "origin": [0.49817, 18.4489, 5.66515]},
			"faces": {
				"north": {"uv": [1, 4, 4, 5], "texture": "#3"},
				"east": {"uv": [1, 4, 4, 5], "texture": "#3"},
				"south": {"uv": [1, 4, 4, 5], "texture": "#3"},
				"west": {"uv": [1, 4, 4, 5], "texture": "#3"},
				"up": {"uv": [1, 4, 4, 5], "texture": "#3"},
				"down": {"uv": [1, 4, 4, 5], "texture": "#3"}
			}
		},
		{
			"from": [10.5404, 22.5, 9.88182],
			"to": [14.5404, 26, 10.88182],
			"rotation": {"angle": 0, "axis": "y", "origin": [0.49817, 18.4489, 5.66515]},
			"faces": {
				"north": {"uv": [6, 0, 10, 3.5], "texture": "#8"},
				"east": {"uv": [7, 0, 8, 3.5], "texture": "#8"},
				"south": {"uv": [6, 0, 10, 3.5], "texture": "#8"},
				"west": {"uv": [7, 0, 8, 3.5], "texture": "#8"},
				"up": {"uv": [6, 0, 10, 1], "texture": "#8"},
				"down": {"uv": [6, 0, 10, 1], "texture": "#8"}
			}
		},
		{
			"from": [7, 9, 10],
			"to": [12, 13, 11],
			"rotation": {"angle": 0, "axis": "y", "origin": [0, 1, 0]},
			"faces": {
				"north": {"uv": [0, 0, 1, 1], "texture": "#0"},
				"east": {"uv": [14, 0, 16, 16], "texture": "#0"},
				"south": {"uv": [0, 0, 16, 16], "texture": "#0"},
				"west": {"uv": [0, 0, 2, 16], "texture": "#0"},
				"up": {"uv": [0, 0, 16, 2], "texture": "#0"},
				"down": {"uv": [0, 14, 16, 16], "texture": "#0"}
			}
		},
		{
			"from": [7, 11, 11],
			"to": [12, 13, 11.2],
			"rotation": {"angle": 0, "axis": "y", "origin": [0, 1, 0]},
			"faces": {
				"north": {"uv": [0, 0, 1, 1], "texture": "#0"},
				"east": {"uv": [15, 0, 16, 8], "texture": "#0"},
				"south": {"uv": [0, 0, 16, 8], "texture": "#0"},
				"west": {"uv": [0, 0, 1, 8], "texture": "#0"},
				"up": {"uv": [0, 0, 16, 1], "texture": "#0"},
				"down": {"uv": [0, 15, 16, 16], "texture": "#0"}
			}
		},
		{
			"from": [14, 6.5, 10],
			"to": [18, 7.5, 11],
			"rotation": {"angle": 22.5, "axis": "z", "origin": [0, 1, 0]},
			"faces": {
				"north": {"uv": [1, 8, 14, 9], "texture": "#7"},
				"east": {"uv": [12, 9, 13, 10], "texture": "#7"},
				"south": {"uv": [1, 8, 14, 9], "texture": "#7"},
				"west": {"uv": [12, 9, 13, 10], "texture": "#7"},
				"up": {"uv": [1, 8, 14, 9], "texture": "#7"},
				"down": {"uv": [1, 8, 14, 9], "texture": "#7"}
			}
		}
	],
	"display": {
		"thirdperson_righthand": {
			"scale": [0.5, 0.5, 0.5]
		},
		"thirdperson_lefthand": {
			"scale": [0.5, 0.5, 0.5]
		},
		"firstperson_righthand": {
			"scale": [0.5, 0.5, 0.5]
		},
		"firstperson_lefthand": {
			"scale": [0.5, 0.5, 0.5]
		},
		"ground": {
			"translation": [0, 2, 0]
		},
		"gui": {
			"rotation": [0, -60, 0],
			"translation": [0, -5, 0],
			"scale": [0.6, 0.6, 0.6]
		},
		"head": {
			"translation": [0, -24, 14],
			"scale": [2, 2, 2]
		},
		"fixed": {
			"rotation": [0, -180, 0],
			"translation": [0, -6.5, -3.75],
			"scale": [0.75, 0.75, 0.75]
		}
	},
	"groups": [
		{
			"name": "pack",
			"origin": [0, 0, 0],
			"children": [
				{
					"name": "Base1",
					"origin": [0, 0, 0],
					"children": [0, 1, 2, 3, 4, 5, 6, 7, 8]
				},
				{
					"name": "Base2",
					"origin": [0, 0, 0],
					"children": [9, 10, 11]
				},
				{
					"name": "Base3",
					"origin": [0, 0, 0],
					"children": [12, 13, 14]
				}
			]
		},
		{
			"name": "masks",
			"origin": [0, 0, 0],
			"children": [
				{
					"name": "mario",
					"origin": [0, 0, 0],
					"children": [15, 16, 17, 18, 19, 20, 21, 22, 23, 24]
				},
				{
					"name": "red-gray",
					"origin": [0, 0, 0],
					"children": [25, 26, 27, 28, 29, 30, 31, 32, 33]
				},
				{
					"name": "blue-red",
					"origin": [0, 0, 0],
					"children": [34, 35, 36, 37, 38, 39, 40, 41, 42, 43]
				},
				{
					"name": "devil",
					"origin": [0, 0, 0],
					"children": [44, 45, 46, 47, 48, 49, 50, 51]
				},
				{
					"name": "macho",
					"origin": [0, 0, 0],
					"children": [52, 53, 54, 55, 56, 57, 58, 59, 60]
				},
				{
					"name": "gray-sad",
					"origin": [0, 0, 0],
					"children": [61, 62, 63, 64, 65, 66]
				},
				{
					"name": "scared",
					"origin": [0, 0, 0],
					"children": [67, 68, 69, 70, 71, 72, 73, 74, 75]
				},
				{
					"name": "diamond-scared",
					"origin": [0, 0, 0],
					"children": [76, 77, 78, 79, 80, 81, 82]
				},
				{
					"name": "elvis",
					"origin": [0, 0, 0],
					"children": [83, 84, 85, 86, 87, 88, 89]
				},
				{
					"name": "gray-confused",
					"origin": [0, 0, 0],
					"children": [90, 91, 92, 93, 94, 95]
				},
				{
					"name": "pouch",
					"origin": [0, 0, 0],
					"children": [96, 97, 98]
				}
			]
		}
	]
}