{
	"credit": "Made with Blockbench",
	"textures": {
		"0": "block/black_concrete",
		"1": "block/bamboo_large_leaves",
		"2": "block/honeycomb_block",
		"4": "block/gold_block",
		"5": "block/hay_block_top",
		"particle": "block/black_concrete"
	},
	"elements": [
		{
			"from": [4, 4, 4],
			"to": [12, 5, 12],
			"faces": {
				"north": {"uv": [0, 0, 8, 1], "texture": "#0"},
				"east": {"uv": [0, 0, 8, 1], "texture": "#0"},
				"south": {"uv": [0, 0, 8, 1], "texture": "#0"},
				"west": {"uv": [0, 0, 8, 1], "texture": "#0"},
				"up": {"uv": [0, 0, 8, 8], "texture": "#0"},
				"down": {"uv": [0, 0, 8, 8], "texture": "#0"}
			}
		},
		{
			"from": [4.4, 6, 4.4],
			"to": [11.6, 6.9, 11.6],
			"rotation": {"angle": 0, "axis": "y", "origin": [0.8, 0, 0.8]},
			"faces": {
				"north": {"uv": [0, 0, 8, 1], "texture": "#0"},
				"east": {"uv": [0, 0, 8, 1], "texture": "#0"},
				"south": {"uv": [0, 0, 8, 1], "texture": "#0"},
				"west": {"uv": [0, 0, 8, 1], "texture": "#0"},
				"up": {"uv": [0, 0, 8, 8], "texture": "#0"},
				"down": {"uv": [0, 0, 8, 8], "texture": "#0"}
			}
		},
		{
			"from": [5, 2, -4],
			"to": [6, 3, 4],
			"rotation": {"angle": -22.5, "axis": "x", "origin": [0, 0, 0]},
			"faces": {
				"north": {"uv": [4, 3, 5, 4], "texture": "#5"},
				"east": {"uv": [4, 3, 12, 4], "texture": "#5"},
				"south": {"uv": [4, 3, 5, 4], "texture": "#5"},
				"west": {"uv": [4, 3, 12, 4], "texture": "#5"},
				"up": {"uv": [4, 3, 5, 11], "texture": "#5"},
				"down": {"uv": [4, 3, 5, 11], "texture": "#5"}
			}
		},
		{
			"from": [6, 2, -3],
			"to": [7, 3, 5],
			"rotation": {"angle": -22.5, "axis": "x", "origin": [0, 0, 0]},
			"faces": {
				"north": {"uv": [4, 3, 5, 4], "texture": "#5"},
				"east": {"uv": [4, 3, 12, 4], "texture": "#5"},
				"south": {"uv": [4, 3, 5, 4], "texture": "#5"},
				"west": {"uv": [4, 3, 12, 4], "texture": "#5"},
				"up": {"uv": [4, 3, 5, 11], "texture": "#5"},
				"down": {"uv": [4, 3, 5, 11], "texture": "#5"}
			}
		},
		{
			"from": [4, 2, -3],
			"to": [5, 3, 3],
			"rotation": {"angle": -22.5, "axis": "x", "origin": [0, 0, 0]},
			"faces": {
				"north": {"uv": [4, 3, 5, 4], "texture": "#5"},
				"east": {"uv": [4, 3, 10, 4], "texture": "#5"},
				"south": {"uv": [4, 3, 5, 4], "texture": "#5"},
				"west": {"uv": [4, 3, 10, 4], "texture": "#5"},
				"up": {"uv": [4, 3, 5, 9], "texture": "#5"},
				"down": {"uv": [4, 3, 5, 9], "texture": "#5"}
			}
		},
		{
			"from": [11, 2, -3],
			"to": [12, 3, 3],
			"rotation": {"angle": -22.5, "axis": "x", "origin": [0, 0, 0]},
			"faces": {
				"north": {"uv": [4, 3, 5, 4], "texture": "#5"},
				"east": {"uv": [4, 3, 10, 4], "texture": "#5"},
				"south": {"uv": [4, 3, 5, 4], "texture": "#5"},
				"west": {"uv": [4, 3, 10, 4], "texture": "#5"},
				"up": {"uv": [4, 3, 5, 9], "texture": "#5"},
				"down": {"uv": [4, 3, 5, 9], "texture": "#5"}
			}
		},
		{
			"from": [10, 2, -4],
			"to": [11, 3, 4],
			"rotation": {"angle": -22.5, "axis": "x", "origin": [0, 0, 0]},
			"faces": {
				"north": {"uv": [4, 3, 5, 4], "texture": "#5"},
				"east": {"uv": [4, 3, 12, 4], "texture": "#5"},
				"south": {"uv": [4, 3, 5, 4], "texture": "#5"},
				"west": {"uv": [4, 3, 12, 4], "texture": "#5"},
				"up": {"uv": [4, 3, 5, 11], "texture": "#5"},
				"down": {"uv": [4, 3, 5, 11], "texture": "#5"}
			}
		},
		{
			"from": [9, 2, -3],
			"to": [10, 3, 5],
			"rotation": {"angle": -22.5, "axis": "x", "origin": [0, 0, 0]},
			"faces": {
				"north": {"uv": [4, 3, 5, 4], "texture": "#5"},
				"east": {"uv": [4, 3, 12, 4], "texture": "#5"},
				"south": {"uv": [4, 3, 5, 4], "texture": "#5"},
				"west": {"uv": [4, 3, 12, 4], "texture": "#5"},
				"up": {"uv": [4, 3, 5, 11], "texture": "#5"},
				"down": {"uv": [4, 3, 5, 11], "texture": "#5"}
			}
		},
		{
			"from": [7, 2, -2],
			"to": [9, 3, 6],
			"rotation": {"angle": -22.5, "axis": "x", "origin": [0, 0, 0]},
			"faces": {
				"north": {"uv": [4, 3, 6, 4], "texture": "#5"},
				"east": {"uv": [4, 3, 12, 4], "texture": "#5"},
				"south": {"uv": [4, 3, 6, 4], "texture": "#5"},
				"west": {"uv": [4, 3, 12, 4], "texture": "#5"},
				"up": {"uv": [4, 3, 5, 11], "texture": "#5"},
				"down": {"uv": [4, 3, 6, 11], "texture": "#5"}
			}
		},
		{
			"from": [5, 2, 12],
			"to": [6, 3, 20],
			"rotation": {"angle": 22.5, "axis": "x", "origin": [0, 0, 16]},
			"faces": {
				"north": {"uv": [4, 4, 5, 3], "texture": "#5"},
				"east": {"uv": [4, 4, 12, 3], "texture": "#5"},
				"south": {"uv": [4, 4, 5, 3], "texture": "#5"},
				"west": {"uv": [4, 4, 12, 3], "texture": "#5"},
				"up": {"uv": [4, 11, 5, 3], "texture": "#5"},
				"down": {"uv": [4, 11, 5, 3], "texture": "#5"}
			}
		},
		{
			"from": [6, 2, 11],
			"to": [7, 3, 19],
			"rotation": {"angle": 22.5, "axis": "x", "origin": [0, 0, 16]},
			"faces": {
				"north": {"uv": [4, 4, 5, 3], "texture": "#5"},
				"east": {"uv": [4, 4, 12, 3], "texture": "#5"},
				"south": {"uv": [4, 4, 5, 3], "texture": "#5"},
				"west": {"uv": [4, 4, 12, 3], "texture": "#5"},
				"up": {"uv": [4, 11, 5, 3], "texture": "#5"},
				"down": {"uv": [4, 11, 5, 3], "texture": "#5"}
			}
		},
		{
			"from": [4, 2, 13],
			"to": [5, 3, 19],
			"rotation": {"angle": 22.5, "axis": "x", "origin": [0, 0, 16]},
			"faces": {
				"north": {"uv": [4, 4, 5, 3], "texture": "#5"},
				"east": {"uv": [4, 4, 10, 3], "texture": "#5"},
				"south": {"uv": [4, 4, 5, 3], "texture": "#5"},
				"west": {"uv": [4, 4, 10, 3], "texture": "#5"},
				"up": {"uv": [4, 9, 5, 3], "texture": "#5"},
				"down": {"uv": [4, 9, 5, 3], "texture": "#5"}
			}
		},
		{
			"from": [11, 2, 13],
			"to": [12, 3, 19],
			"rotation": {"angle": 22.5, "axis": "x", "origin": [0, 0, 16]},
			"faces": {
				"north": {"uv": [4, 4, 5, 3], "texture": "#5"},
				"east": {"uv": [4, 4, 10, 3], "texture": "#5"},
				"south": {"uv": [4, 4, 5, 3], "texture": "#5"},
				"west": {"uv": [4, 4, 10, 3], "texture": "#5"},
				"up": {"uv": [4, 9, 5, 3], "texture": "#5"},
				"down": {"uv": [4, 9, 5, 3], "texture": "#5"}
			}
		},
		{
			"from": [10, 2, 12],
			"to": [11, 3, 20],
			"rotation": {"angle": 22.5, "axis": "x", "origin": [0, 0, 16]},
			"faces": {
				"north": {"uv": [4, 4, 5, 3], "texture": "#5"},
				"east": {"uv": [4, 4, 12, 3], "texture": "#5"},
				"south": {"uv": [4, 4, 5, 3], "texture": "#5"},
				"west": {"uv": [4, 4, 12, 3], "texture": "#5"},
				"up": {"uv": [4, 11, 5, 3], "texture": "#5"},
				"down": {"uv": [4, 11, 5, 3], "texture": "#5"}
			}
		},
		{
			"from": [9, 2, 11],
			"to": [10, 3, 19],
			"rotation": {"angle": 22.5, "axis": "x", "origin": [0, 0, 16]},
			"faces": {
				"north": {"uv": [4, 4, 5, 3], "texture": "#5"},
				"east": {"uv": [4, 4, 12, 3], "texture": "#5"},
				"south": {"uv": [4, 4, 5, 3], "texture": "#5"},
				"west": {"uv": [4, 4, 12, 3], "texture": "#5"},
				"up": {"uv": [4, 11, 5, 3], "texture": "#5"},
				"down": {"uv": [4, 11, 5, 3], "texture": "#5"}
			}
		},
		{
			"from": [7, 2, 10],
			"to": [9, 3, 18],
			"rotation": {"angle": 22.5, "axis": "x", "origin": [0, 0, 16]},
			"faces": {
				"north": {"uv": [4, 4, 6, 3], "texture": "#5"},
				"east": {"uv": [4, 4, 12, 3], "texture": "#5"},
				"south": {"uv": [4, 4, 6, 3], "texture": "#5"},
				"west": {"uv": [4, 4, 12, 3], "texture": "#5"},
				"up": {"uv": [4, 11, 5, 3], "texture": "#5"},
				"down": {"uv": [4, 11, 6, 3], "texture": "#5"}
			}
		},
		{
			"from": [-4, 2, 5],
			"to": [4, 3, 6],
			"rotation": {"angle": 22.5, "axis": "z", "origin": [0, 0, 0]},
			"faces": {
				"north": {"uv": [4, 3, 5, 11], "rotation": 270, "texture": "#5"},
				"east": {"uv": [4, 3, 5, 4], "rotation": 270, "texture": "#5"},
				"south": {"uv": [4, 3, 5, 11], "rotation": 270, "texture": "#5"},
				"west": {"uv": [4, 3, 5, 4], "rotation": 270, "texture": "#5"},
				"up": {"uv": [4, 3, 5, 11], "rotation": 270, "texture": "#5"},
				"down": {"uv": [4, 3, 5, 11], "rotation": 270, "texture": "#5"}
			}
		},
		{
			"from": [-3, 2, 4],
			"to": [5, 3, 5],
			"rotation": {"angle": 22.5, "axis": "z", "origin": [0, 0, 0]},
			"faces": {
				"north": {"uv": [4, 3, 5, 11], "rotation": 270, "texture": "#5"},
				"east": {"uv": [4, 3, 5, 4], "rotation": 270, "texture": "#5"},
				"south": {"uv": [4, 3, 5, 11], "rotation": 270, "texture": "#5"},
				"west": {"uv": [4, 3, 5, 4], "rotation": 270, "texture": "#5"},
				"up": {"uv": [4, 3, 5, 11], "rotation": 270, "texture": "#5"},
				"down": {"uv": [4, 3, 5, 11], "rotation": 270, "texture": "#5"}
			}
		},
		{
			"from": [-3, 2, 6],
			"to": [3, 3, 7],
			"rotation": {"angle": 22.5, "axis": "z", "origin": [0, 0, 0]},
			"faces": {
				"north": {"uv": [4, 3, 5, 9], "rotation": 270, "texture": "#5"},
				"east": {"uv": [4, 3, 5, 4], "rotation": 270, "texture": "#5"},
				"south": {"uv": [4, 3, 5, 9], "rotation": 270, "texture": "#5"},
				"west": {"uv": [4, 3, 5, 4], "rotation": 270, "texture": "#5"},
				"up": {"uv": [4, 3, 5, 9], "rotation": 270, "texture": "#5"},
				"down": {"uv": [4, 3, 5, 9], "rotation": 270, "texture": "#5"}
			}
		},
		{
			"from": [-3, 2, -1],
			"to": [3, 3, 0],
			"rotation": {"angle": 22.5, "axis": "z", "origin": [0, 0, 0]},
			"faces": {
				"north": {"uv": [4, 3, 5, 9], "rotation": 270, "texture": "#5"},
				"east": {"uv": [4, 3, 5, 4], "rotation": 270, "texture": "#5"},
				"south": {"uv": [4, 3, 5, 9], "rotation": 270, "texture": "#5"},
				"west": {"uv": [4, 3, 5, 4], "rotation": 270, "texture": "#5"},
				"up": {"uv": [4, 3, 5, 9], "rotation": 270, "texture": "#5"},
				"down": {"uv": [4, 3, 5, 9], "rotation": 270, "texture": "#5"}
			}
		},
		{
			"from": [-4, 2, 0],
			"to": [4, 3, 1],
			"rotation": {"angle": 22.5, "axis": "z", "origin": [0, 0, 0]},
			"faces": {
				"north": {"uv": [4, 3, 5, 11], "rotation": 270, "texture": "#5"},
				"east": {"uv": [4, 3, 5, 4], "rotation": 270, "texture": "#5"},
				"south": {"uv": [4, 3, 5, 11], "rotation": 270, "texture": "#5"},
				"west": {"uv": [4, 3, 5, 4], "rotation": 270, "texture": "#5"},
				"up": {"uv": [4, 3, 5, 11], "rotation": 270, "texture": "#5"},
				"down": {"uv": [4, 3, 5, 11], "rotation": 270, "texture": "#5"}
			}
		},
		{
			"from": [-3, 2, 1],
			"to": [5, 3, 2],
			"rotation": {"angle": 22.5, "axis": "z", "origin": [0, 0, 0]},
			"faces": {
				"north": {"uv": [4, 3, 5, 11], "rotation": 270, "texture": "#5"},
				"east": {"uv": [4, 3, 5, 4], "rotation": 270, "texture": "#5"},
				"south": {"uv": [4, 3, 5, 11], "rotation": 270, "texture": "#5"},
				"west": {"uv": [4, 3, 5, 4], "rotation": 270, "texture": "#5"},
				"up": {"uv": [4, 3, 5, 11], "rotation": 270, "texture": "#5"},
				"down": {"uv": [4, 3, 5, 11], "rotation": 270, "texture": "#5"}
			}
		},
		{
			"from": [-2, 2, 2],
			"to": [6, 3, 4],
			"rotation": {"angle": 22.5, "axis": "z", "origin": [0, 0, 0]},
			"faces": {
				"north": {"uv": [4, 3, 5, 11], "rotation": 270, "texture": "#5"},
				"east": {"uv": [4, 3, 5, 5], "rotation": 270, "texture": "#5"},
				"south": {"uv": [4, 3, 5, 11], "rotation": 270, "texture": "#5"},
				"west": {"uv": [4, 3, 5, 5], "rotation": 270, "texture": "#5"},
				"up": {"uv": [4, 3, 5, 11], "rotation": 270, "texture": "#5"},
				"down": {"uv": [4, 3, 6, 11], "rotation": 270, "texture": "#5"}
			}
		},
		{
			"from": [-4, 2, 10],
			"to": [4, 3, 11],
			"rotation": {"angle": 22.5, "axis": "z", "origin": [0, 0, 16]},
			"faces": {
				"north": {"uv": [5, 3, 4, 11], "rotation": 270, "texture": "#5"},
				"east": {"uv": [5, 3, 4, 4], "rotation": 270, "texture": "#5"},
				"south": {"uv": [5, 3, 4, 11], "rotation": 270, "texture": "#5"},
				"west": {"uv": [5, 3, 4, 4], "rotation": 270, "texture": "#5"},
				"up": {"uv": [5, 3, 4, 11], "rotation": 270, "texture": "#5"},
				"down": {"uv": [5, 3, 4, 11], "rotation": 270, "texture": "#5"}
			}
		},
		{
			"from": [-3, 2, 11],
			"to": [5, 3, 12],
			"rotation": {"angle": 22.5, "axis": "z", "origin": [0, 0, 16]},
			"faces": {
				"north": {"uv": [5, 3, 4, 11], "rotation": 270, "texture": "#5"},
				"east": {"uv": [5, 3, 4, 4], "rotation": 270, "texture": "#5"},
				"south": {"uv": [5, 3, 4, 11], "rotation": 270, "texture": "#5"},
				"west": {"uv": [5, 3, 4, 4], "rotation": 270, "texture": "#5"},
				"up": {"uv": [5, 3, 4, 11], "rotation": 270, "texture": "#5"},
				"down": {"uv": [5, 3, 4, 11], "rotation": 270, "texture": "#5"}
			}
		},
		{
			"from": [-3, 2, 9],
			"to": [3, 3, 10],
			"rotation": {"angle": 22.5, "axis": "z", "origin": [0, 0, 16]},
			"faces": {
				"north": {"uv": [5, 3, 4, 9], "rotation": 270, "texture": "#5"},
				"east": {"uv": [5, 3, 4, 4], "rotation": 270, "texture": "#5"},
				"south": {"uv": [5, 3, 4, 9], "rotation": 270, "texture": "#5"},
				"west": {"uv": [5, 3, 4, 4], "rotation": 270, "texture": "#5"},
				"up": {"uv": [5, 3, 4, 9], "rotation": 270, "texture": "#5"},
				"down": {"uv": [5, 3, 4, 9], "rotation": 270, "texture": "#5"}
			}
		},
		{
			"from": [-3, 2, 16],
			"to": [3, 3, 17],
			"rotation": {"angle": 22.5, "axis": "z", "origin": [0, 0, 16]},
			"faces": {
				"north": {"uv": [5, 3, 4, 9], "rotation": 270, "texture": "#5"},
				"east": {"uv": [5, 3, 4, 4], "rotation": 270, "texture": "#5"},
				"south": {"uv": [5, 3, 4, 9], "rotation": 270, "texture": "#5"},
				"west": {"uv": [5, 3, 4, 4], "rotation": 270, "texture": "#5"},
				"up": {"uv": [5, 3, 4, 9], "rotation": 270, "texture": "#5"},
				"down": {"uv": [5, 3, 4, 9], "rotation": 270, "texture": "#5"}
			}
		},
		{
			"from": [-4, 2, 15],
			"to": [4, 3, 16],
			"rotation": {"angle": 22.5, "axis": "z", "origin": [0, 0, 16]},
			"faces": {
				"north": {"uv": [5, 3, 4, 11], "rotation": 270, "texture": "#5"},
				"east": {"uv": [5, 3, 4, 4], "rotation": 270, "texture": "#5"},
				"south": {"uv": [5, 3, 4, 11], "rotation": 270, "texture": "#5"},
				"west": {"uv": [5, 3, 4, 4], "rotation": 270, "texture": "#5"},
				"up": {"uv": [5, 3, 4, 11], "rotation": 270, "texture": "#5"},
				"down": {"uv": [5, 3, 4, 11], "rotation": 270, "texture": "#5"}
			}
		},
		{
			"from": [-3, 2, 14],
			"to": [5, 3, 15],
			"rotation": {"angle": 22.5, "axis": "z", "origin": [0, 0, 16]},
			"faces": {
				"north": {"uv": [5, 3, 4, 11], "rotation": 270, "texture": "#5"},
				"east": {"uv": [5, 3, 4, 4], "rotation": 270, "texture": "#5"},
				"south": {"uv": [5, 3, 4, 11], "rotation": 270, "texture": "#5"},
				"west": {"uv": [5, 3, 4, 4], "rotation": 270, "texture": "#5"},
				"up": {"uv": [5, 3, 4, 11], "rotation": 270, "texture": "#5"},
				"down": {"uv": [5, 3, 4, 11], "rotation": 270, "texture": "#5"}
			}
		},
		{
			"from": [-2, 2, 12],
			"to": [6, 3, 14],
			"rotation": {"angle": 22.5, "axis": "z", "origin": [0, 0, 16]},
			"faces": {
				"north": {"uv": [5, 3, 4, 11], "rotation": 270, "texture": "#5"},
				"east": {"uv": [5, 3, 4, 5], "rotation": 270, "texture": "#5"},
				"south": {"uv": [5, 3, 4, 11], "rotation": 270, "texture": "#5"},
				"west": {"uv": [5, 3, 4, 5], "rotation": 270, "texture": "#5"},
				"up": {"uv": [5, 3, 4, 11], "rotation": 270, "texture": "#5"},
				"down": {"uv": [6, 3, 4, 11], "rotation": 270, "texture": "#5"}
			}
		},
		{
			"from": [12, 2, 10],
			"to": [20, 3, 11],
			"rotation": {"angle": -22.5, "axis": "z", "origin": [16, 0, 16]},
			"faces": {
				"north": {"uv": [5, 11, 4, 3], "rotation": 270, "texture": "#5"},
				"east": {"uv": [5, 4, 4, 3], "rotation": 270, "texture": "#5"},
				"south": {"uv": [5, 11, 4, 3], "rotation": 270, "texture": "#5"},
				"west": {"uv": [5, 4, 4, 3], "rotation": 270, "texture": "#5"},
				"up": {"uv": [5, 11, 4, 3], "rotation": 270, "texture": "#5"},
				"down": {"uv": [5, 11, 4, 3], "rotation": 270, "texture": "#5"}
			}
		},
		{
			"from": [11, 2, 11],
			"to": [19, 3, 12],
			"rotation": {"angle": -22.5, "axis": "z", "origin": [16, 0, 16]},
			"faces": {
				"north": {"uv": [5, 11, 4, 3], "rotation": 270, "texture": "#5"},
				"east": {"uv": [5, 4, 4, 3], "rotation": 270, "texture": "#5"},
				"south": {"uv": [5, 11, 4, 3], "rotation": 270, "texture": "#5"},
				"west": {"uv": [5, 4, 4, 3], "rotation": 270, "texture": "#5"},
				"up": {"uv": [5, 11, 4, 3], "rotation": 270, "texture": "#5"},
				"down": {"uv": [5, 11, 4, 3], "rotation": 270, "texture": "#5"}
			}
		},
		{
			"from": [13, 2, 9],
			"to": [19, 3, 10],
			"rotation": {"angle": -22.5, "axis": "z", "origin": [16, 0, 16]},
			"faces": {
				"north": {"uv": [5, 9, 4, 3], "rotation": 270, "texture": "#5"},
				"east": {"uv": [5, 4, 4, 3], "rotation": 270, "texture": "#5"},
				"south": {"uv": [5, 9, 4, 3], "rotation": 270, "texture": "#5"},
				"west": {"uv": [5, 4, 4, 3], "rotation": 270, "texture": "#5"},
				"up": {"uv": [5, 9, 4, 3], "rotation": 270, "texture": "#5"},
				"down": {"uv": [5, 9, 4, 3], "rotation": 270, "texture": "#5"}
			}
		},
		{
			"from": [13, 2, 16],
			"to": [19, 3, 17],
			"rotation": {"angle": -22.5, "axis": "z", "origin": [16, 0, 16]},
			"faces": {
				"north": {"uv": [5, 9, 4, 3], "rotation": 270, "texture": "#5"},
				"east": {"uv": [5, 4, 4, 3], "rotation": 270, "texture": "#5"},
				"south": {"uv": [5, 9, 4, 3], "rotation": 270, "texture": "#5"},
				"west": {"uv": [5, 4, 4, 3], "rotation": 270, "texture": "#5"},
				"up": {"uv": [5, 9, 4, 3], "rotation": 270, "texture": "#5"},
				"down": {"uv": [5, 9, 4, 3], "rotation": 270, "texture": "#5"}
			}
		},
		{
			"from": [12, 2, 15],
			"to": [20, 3, 16],
			"rotation": {"angle": -22.5, "axis": "z", "origin": [16, 0, 16]},
			"faces": {
				"north": {"uv": [5, 11, 4, 3], "rotation": 270, "texture": "#5"},
				"east": {"uv": [5, 4, 4, 3], "rotation": 270, "texture": "#5"},
				"south": {"uv": [5, 11, 4, 3], "rotation": 270, "texture": "#5"},
				"west": {"uv": [5, 4, 4, 3], "rotation": 270, "texture": "#5"},
				"up": {"uv": [5, 11, 4, 3], "rotation": 270, "texture": "#5"},
				"down": {"uv": [5, 11, 4, 3], "rotation": 270, "texture": "#5"}
			}
		},
		{
			"from": [11, 2, 14],
			"to": [19, 3, 15],
			"rotation": {"angle": -22.5, "axis": "z", "origin": [16, 0, 16]},
			"faces": {
				"north": {"uv": [5, 11, 4, 3], "rotation": 270, "texture": "#5"},
				"east": {"uv": [5, 4, 4, 3], "rotation": 270, "texture": "#5"},
				"south": {"uv": [5, 11, 4, 3], "rotation": 270, "texture": "#5"},
				"west": {"uv": [5, 4, 4, 3], "rotation": 270, "texture": "#5"},
				"up": {"uv": [5, 11, 4, 3], "rotation": 270, "texture": "#5"},
				"down": {"uv": [5, 11, 4, 3], "rotation": 270, "texture": "#5"}
			}
		},
		{
			"from": [10, 2, 12],
			"to": [18, 3, 14],
			"rotation": {"angle": -22.5, "axis": "z", "origin": [16, 0, 16]},
			"faces": {
				"north": {"uv": [5, 11, 4, 3], "rotation": 270, "texture": "#5"},
				"east": {"uv": [5, 5, 4, 3], "rotation": 270, "texture": "#5"},
				"south": {"uv": [5, 11, 4, 3], "rotation": 270, "texture": "#5"},
				"west": {"uv": [5, 5, 4, 3], "rotation": 270, "texture": "#5"},
				"up": {"uv": [5, 11, 4, 3], "rotation": 270, "texture": "#5"},
				"down": {"uv": [6, 11, 4, 3], "rotation": 270, "texture": "#5"}
			}
		},
		{
			"from": [12, 2, 5],
			"to": [20, 3, 6],
			"rotation": {"angle": -22.5, "axis": "z", "origin": [16, 0, 0]},
			"faces": {
				"north": {"uv": [4, 11, 5, 3], "rotation": 270, "texture": "#5"},
				"east": {"uv": [4, 4, 5, 3], "rotation": 270, "texture": "#5"},
				"south": {"uv": [4, 11, 5, 3], "rotation": 270, "texture": "#5"},
				"west": {"uv": [4, 4, 5, 3], "rotation": 270, "texture": "#5"},
				"up": {"uv": [4, 11, 5, 3], "rotation": 270, "texture": "#5"},
				"down": {"uv": [4, 11, 5, 3], "rotation": 270, "texture": "#5"}
			}
		},
		{
			"from": [11, 2, 4],
			"to": [19, 3, 5],
			"rotation": {"angle": -22.5, "axis": "z", "origin": [16, 0, 0]},
			"faces": {
				"north": {"uv": [4, 11, 5, 3], "rotation": 270, "texture": "#5"},
				"east": {"uv": [4, 4, 5, 3], "rotation": 270, "texture": "#5"},
				"south": {"uv": [4, 11, 5, 3], "rotation": 270, "texture": "#5"},
				"west": {"uv": [4, 4, 5, 3], "rotation": 270, "texture": "#5"},
				"up": {"uv": [4, 11, 5, 3], "rotation": 270, "texture": "#5"},
				"down": {"uv": [4, 11, 5, 3], "rotation": 270, "texture": "#5"}
			}
		},
		{
			"from": [13, 2, 6],
			"to": [19, 3, 7],
			"rotation": {"angle": -22.5, "axis": "z", "origin": [16, 0, 0]},
			"faces": {
				"north": {"uv": [4, 9, 5, 3], "rotation": 270, "texture": "#5"},
				"east": {"uv": [4, 4, 5, 3], "rotation": 270, "texture": "#5"},
				"south": {"uv": [4, 9, 5, 3], "rotation": 270, "texture": "#5"},
				"west": {"uv": [4, 4, 5, 3], "rotation": 270, "texture": "#5"},
				"up": {"uv": [4, 9, 5, 3], "rotation": 270, "texture": "#5"},
				"down": {"uv": [4, 9, 5, 3], "rotation": 270, "texture": "#5"}
			}
		},
		{
			"from": [13, 2, -1],
			"to": [19, 3, 0],
			"rotation": {"angle": -22.5, "axis": "z", "origin": [16, 0, 0]},
			"faces": {
				"north": {"uv": [4, 9, 5, 3], "rotation": 270, "texture": "#5"},
				"east": {"uv": [4, 4, 5, 3], "rotation": 270, "texture": "#5"},
				"south": {"uv": [4, 9, 5, 3], "rotation": 270, "texture": "#5"},
				"west": {"uv": [4, 4, 5, 3], "rotation": 270, "texture": "#5"},
				"up": {"uv": [4, 9, 5, 3], "rotation": 270, "texture": "#5"},
				"down": {"uv": [4, 9, 5, 3], "rotation": 270, "texture": "#5"}
			}
		},
		{
			"from": [12, 2, 0],
			"to": [20, 3, 1],
			"rotation": {"angle": -22.5, "axis": "z", "origin": [16, 0, 0]},
			"faces": {
				"north": {"uv": [4, 11, 5, 3], "rotation": 270, "texture": "#5"},
				"east": {"uv": [4, 4, 5, 3], "rotation": 270, "texture": "#5"},
				"south": {"uv": [4, 11, 5, 3], "rotation": 270, "texture": "#5"},
				"west": {"uv": [4, 4, 5, 3], "rotation": 270, "texture": "#5"},
				"up": {"uv": [4, 11, 5, 3], "rotation": 270, "texture": "#5"},
				"down": {"uv": [4, 11, 5, 3], "rotation": 270, "texture": "#5"}
			}
		},
		{
			"from": [11, 2, 1],
			"to": [19, 3, 2],
			"rotation": {"angle": -22.5, "axis": "z", "origin": [16, 0, 0]},
			"faces": {
				"north": {"uv": [4, 11, 5, 3], "rotation": 270, "texture": "#5"},
				"east": {"uv": [4, 4, 5, 3], "rotation": 270, "texture": "#5"},
				"south": {"uv": [4, 11, 5, 3], "rotation": 270, "texture": "#5"},
				"west": {"uv": [4, 4, 5, 3], "rotation": 270, "texture": "#5"},
				"up": {"uv": [4, 11, 5, 3], "rotation": 270, "texture": "#5"},
				"down": {"uv": [4, 11, 5, 3], "rotation": 270, "texture": "#5"}
			}
		},
		{
			"from": [10, 2, 2],
			"to": [18, 3, 4],
			"rotation": {"angle": -22.5, "axis": "z", "origin": [16, 0, 0]},
			"faces": {
				"north": {"uv": [4, 11, 5, 3], "rotation": 270, "texture": "#5"},
				"east": {"uv": [4, 5, 5, 3], "rotation": 270, "texture": "#5"},
				"south": {"uv": [4, 11, 5, 3], "rotation": 270, "texture": "#5"},
				"west": {"uv": [4, 5, 5, 3], "rotation": 270, "texture": "#5"},
				"up": {"uv": [4, 11, 5, 3], "rotation": 270, "texture": "#5"},
				"down": {"uv": [4, 11, 6, 3], "rotation": 270, "texture": "#5"}
			}
		},
		{
			"from": [11.78708, 7.67066, 5.462],
			"to": [18.55508, 8.51666, 6.308],
			"rotation": {"angle": -22.5, "axis": "z", "origin": [8, 5.32354, 8]},
			"faces": {
				"north": {"uv": [4, 3, 12, 4], "texture": "#5"},
				"east": {"uv": [4, 3, 5, 4], "texture": "#5"},
				"south": {"uv": [4, 3, 12, 4], "texture": "#5"},
				"west": {"uv": [4, 3, 5, 4], "texture": "#5"},
				"up": {"uv": [4, 3, 5, 11], "rotation": 90, "texture": "#5"},
				"down": {"uv": [4, 3, 5, 11], "rotation": 270, "texture": "#5"}
			}
		},
		{
			"from": [10.94108, 7.67066, 6.308],
			"to": [17.70908, 8.51666, 7.154],
			"rotation": {"angle": -22.5, "axis": "z", "origin": [8, 5.32354, 8]},
			"faces": {
				"north": {"uv": [4, 3, 12, 4], "texture": "#5"},
				"east": {"uv": [4, 3, 5, 4], "texture": "#5"},
				"south": {"uv": [4, 3, 12, 4], "texture": "#5"},
				"west": {"uv": [4, 3, 5, 4], "texture": "#5"},
				"up": {"uv": [4, 3, 5, 11], "rotation": 90, "texture": "#5"},
				"down": {"uv": [4, 3, 5, 11], "rotation": 270, "texture": "#5"}
			}
		},
		{
			"from": [12.63308, 7.67066, 4.616],
			"to": [17.70908, 8.51666, 5.462],
			"rotation": {"angle": -22.5, "axis": "z", "origin": [8, 5.32354, 8]},
			"faces": {
				"north": {"uv": [4, 3, 10, 4], "texture": "#5"},
				"east": {"uv": [4, 3, 5, 4], "texture": "#5"},
				"south": {"uv": [4, 3, 10, 4], "texture": "#5"},
				"west": {"uv": [4, 3, 5, 4], "texture": "#5"},
				"up": {"uv": [4, 3, 5, 9], "rotation": 90, "texture": "#5"},
				"down": {"uv": [4, 3, 5, 9], "rotation": 270, "texture": "#5"}
			}
		},
		{
			"from": [12.63308, 7.67066, 10.538],
			"to": [17.70908, 8.51666, 11.384],
			"rotation": {"angle": -22.5, "axis": "z", "origin": [8, 5.32354, 8]},
			"faces": {
				"north": {"uv": [4, 3, 10, 4], "texture": "#5"},
				"east": {"uv": [4, 3, 5, 4], "texture": "#5"},
				"south": {"uv": [4, 3, 10, 4], "texture": "#5"},
				"west": {"uv": [4, 3, 5, 4], "texture": "#5"},
				"up": {"uv": [4, 3, 5, 9], "rotation": 90, "texture": "#5"},
				"down": {"uv": [4, 3, 5, 9], "rotation": 270, "texture": "#5"}
			}
		},
		{
			"from": [11.78708, 7.67066, 9.692],
			"to": [18.55508, 8.51666, 10.538],
			"rotation": {"angle": -22.5, "axis": "z", "origin": [8, 5.32354, 8]},
			"faces": {
				"north": {"uv": [4, 3, 12, 4], "texture": "#5"},
				"east": {"uv": [4, 3, 5, 4], "texture": "#5"},
				"south": {"uv": [4, 3, 12, 4], "texture": "#5"},
				"west": {"uv": [4, 3, 5, 4], "texture": "#5"},
				"up": {"uv": [4, 3, 5, 11], "rotation": 90, "texture": "#5"},
				"down": {"uv": [4, 3, 5, 11], "rotation": 270, "texture": "#5"}
			}
		},
		{
			"from": [10.94108, 7.67066, 8.846],
			"to": [17.70908, 8.51666, 9.692],
			"rotation": {"angle": -22.5, "axis": "z", "origin": [8, 5.32354, 8]},
			"faces": {
				"north": {"uv": [4, 3, 12, 4], "texture": "#5"},
				"east": {"uv": [4, 3, 5, 4], "texture": "#5"},
				"south": {"uv": [4, 3, 12, 4], "texture": "#5"},
				"west": {"uv": [4, 3, 5, 4], "texture": "#5"},
				"up": {"uv": [4, 3, 5, 11], "rotation": 90, "texture": "#5"},
				"down": {"uv": [4, 3, 5, 11], "rotation": 270, "texture": "#5"}
			}
		},
		{
			"from": [10.09508, 7.67066, 7.154],
			"to": [16.86308, 8.51666, 8.846],
			"rotation": {"angle": -22.5, "axis": "z", "origin": [8, 5.32354, 8]},
			"faces": {
				"north": {"uv": [4, 3, 12, 4], "texture": "#5"},
				"east": {"uv": [4, 3, 6, 4], "texture": "#5"},
				"south": {"uv": [4, 3, 12, 4], "texture": "#5"},
				"west": {"uv": [4, 3, 6, 4], "texture": "#5"},
				"up": {"uv": [4, 3, 5, 11], "rotation": 90, "texture": "#5"},
				"down": {"uv": [4, 3, 6, 11], "rotation": 270, "texture": "#5"}
			}
		},
		{
			"from": [-2.55508, 7.67066, 5.462],
			"to": [4.21292, 8.51666, 6.308],
			"rotation": {"angle": 22.5, "axis": "z", "origin": [8, 5.32354, 8]},
			"faces": {
				"north": {"uv": [4, 4, 12, 3], "texture": "#5"},
				"east": {"uv": [4, 4, 5, 3], "texture": "#5"},
				"south": {"uv": [4, 4, 12, 3], "texture": "#5"},
				"west": {"uv": [4, 4, 5, 3], "texture": "#5"},
				"up": {"uv": [4, 11, 5, 3], "rotation": 90, "texture": "#5"},
				"down": {"uv": [4, 11, 5, 3], "rotation": 270, "texture": "#5"}
			}
		},
		{
			"from": [-1.70908, 7.67066, 6.308],
			"to": [5.05892, 8.51666, 7.154],
			"rotation": {"angle": 22.5, "axis": "z", "origin": [8, 5.32354, 8]},
			"faces": {
				"north": {"uv": [4, 4, 12, 3], "texture": "#5"},
				"east": {"uv": [4, 4, 5, 3], "texture": "#5"},
				"south": {"uv": [4, 4, 12, 3], "texture": "#5"},
				"west": {"uv": [4, 4, 5, 3], "texture": "#5"},
				"up": {"uv": [4, 11, 5, 3], "rotation": 90, "texture": "#5"},
				"down": {"uv": [4, 11, 5, 3], "rotation": 270, "texture": "#5"}
			}
		},
		{
			"from": [-1.70908, 7.67066, 4.616],
			"to": [3.36692, 8.51666, 5.462],
			"rotation": {"angle": 22.5, "axis": "z", "origin": [8, 5.32354, 8]},
			"faces": {
				"north": {"uv": [4, 4, 10, 3], "texture": "#5"},
				"east": {"uv": [4, 4, 5, 3], "texture": "#5"},
				"south": {"uv": [4, 4, 10, 3], "texture": "#5"},
				"west": {"uv": [4, 4, 5, 3], "texture": "#5"},
				"up": {"uv": [4, 9, 5, 3], "rotation": 90, "texture": "#5"},
				"down": {"uv": [4, 9, 5, 3], "rotation": 270, "texture": "#5"}
			}
		},
		{
			"from": [-1.70908, 7.67066, 10.538],
			"to": [3.36692, 8.51666, 11.384],
			"rotation": {"angle": 22.5, "axis": "z", "origin": [8, 5.32354, 8]},
			"faces": {
				"north": {"uv": [4, 4, 10, 3], "texture": "#5"},
				"east": {"uv": [4, 4, 5, 3], "texture": "#5"},
				"south": {"uv": [4, 4, 10, 3], "texture": "#5"},
				"west": {"uv": [4, 4, 5, 3], "texture": "#5"},
				"up": {"uv": [4, 9, 5, 3], "rotation": 90, "texture": "#5"},
				"down": {"uv": [4, 9, 5, 3], "rotation": 270, "texture": "#5"}
			}
		},
		{
			"from": [-2.55508, 7.67066, 9.692],
			"to": [4.21292, 8.51666, 10.538],
			"rotation": {"angle": 22.5, "axis": "z", "origin": [8, 5.32354, 8]},
			"faces": {
				"north": {"uv": [4, 4, 12, 3], "texture": "#5"},
				"east": {"uv": [4, 4, 5, 3], "texture": "#5"},
				"south": {"uv": [4, 4, 12, 3], "texture": "#5"},
				"west": {"uv": [4, 4, 5, 3], "texture": "#5"},
				"up": {"uv": [4, 11, 5, 3], "rotation": 90, "texture": "#5"},
				"down": {"uv": [4, 11, 5, 3], "rotation": 270, "texture": "#5"}
			}
		},
		{
			"from": [-1.70908, 7.67066, 8.846],
			"to": [5.05892, 8.51666, 9.692],
			"rotation": {"angle": 22.5, "axis": "z", "origin": [8, 5.32354, 8]},
			"faces": {
				"north": {"uv": [4, 4, 12, 3], "texture": "#5"},
				"east": {"uv": [4, 4, 5, 3], "texture": "#5"},
				"south": {"uv": [4, 4, 12, 3], "texture": "#5"},
				"west": {"uv": [4, 4, 5, 3], "texture": "#5"},
				"up": {"uv": [4, 11, 5, 3], "rotation": 90, "texture": "#5"},
				"down": {"uv": [4, 11, 5, 3], "rotation": 270, "texture": "#5"}
			}
		},
		{
			"from": [-0.86308, 7.67066, 7.154],
			"to": [5.90492, 8.51666, 8.846],
			"rotation": {"angle": 22.5, "axis": "z", "origin": [8, 5.32354, 8]},
			"faces": {
				"north": {"uv": [4, 4, 12, 3], "texture": "#5"},
				"east": {"uv": [4, 4, 6, 3], "texture": "#5"},
				"south": {"uv": [4, 4, 12, 3], "texture": "#5"},
				"west": {"uv": [4, 4, 6, 3], "texture": "#5"},
				"up": {"uv": [4, 11, 5, 3], "rotation": 90, "texture": "#5"},
				"down": {"uv": [4, 11, 6, 3], "rotation": 270, "texture": "#5"}
			}
		},
		{
			"from": [9.692, 7.67066, -2.55508],
			"to": [10.538, 8.51666, 4.21292],
			"rotation": {"angle": -22.5, "axis": "x", "origin": [8, 5.32354, 8]},
			"faces": {
				"north": {"uv": [4, 3, 5, 4], "rotation": 270, "texture": "#5"},
				"east": {"uv": [4, 3, 5, 11], "rotation": 270, "texture": "#5"},
				"south": {"uv": [4, 3, 5, 4], "rotation": 270, "texture": "#5"},
				"west": {"uv": [4, 3, 5, 11], "rotation": 270, "texture": "#5"},
				"up": {"uv": [4, 3, 5, 11], "texture": "#5"},
				"down": {"uv": [4, 3, 5, 11], "rotation": 180, "texture": "#5"}
			}
		},
		{
			"from": [10.538, 7.67066, -1.70908],
			"to": [11.384, 8.51666, 5.05892],
			"rotation": {"angle": -22.5, "axis": "x", "origin": [8, 5.32354, 8]},
			"faces": {
				"north": {"uv": [4, 3, 5, 4], "rotation": 270, "texture": "#5"},
				"east": {"uv": [4, 3, 5, 11], "rotation": 270, "texture": "#5"},
				"south": {"uv": [4, 3, 5, 4], "rotation": 270, "texture": "#5"},
				"west": {"uv": [4, 3, 5, 11], "rotation": 270, "texture": "#5"},
				"up": {"uv": [4, 3, 5, 11], "texture": "#5"},
				"down": {"uv": [4, 3, 5, 11], "rotation": 180, "texture": "#5"}
			}
		},
		{
			"from": [8.846, 7.67066, -1.70908],
			"to": [9.692, 8.51666, 3.36692],
			"rotation": {"angle": -22.5, "axis": "x", "origin": [8, 5.32354, 8]},
			"faces": {
				"north": {"uv": [4, 3, 5, 4], "rotation": 270, "texture": "#5"},
				"east": {"uv": [4, 3, 5, 9], "rotation": 270, "texture": "#5"},
				"south": {"uv": [4, 3, 5, 4], "rotation": 270, "texture": "#5"},
				"west": {"uv": [4, 3, 5, 9], "rotation": 270, "texture": "#5"},
				"up": {"uv": [4, 3, 5, 9], "texture": "#5"},
				"down": {"uv": [4, 3, 5, 9], "rotation": 180, "texture": "#5"}
			}
		},
		{
			"from": [14.768, 7.67066, -1.70908],
			"to": [15.614, 8.51666, 3.36692],
			"rotation": {"angle": -22.5, "axis": "x", "origin": [8, 5.32354, 8]},
			"faces": {
				"north": {"uv": [4, 3, 5, 4], "rotation": 270, "texture": "#5"},
				"east": {"uv": [4, 3, 5, 9], "rotation": 270, "texture": "#5"},
				"south": {"uv": [4, 3, 5, 4], "rotation": 270, "texture": "#5"},
				"west": {"uv": [4, 3, 5, 9], "rotation": 270, "texture": "#5"},
				"up": {"uv": [4, 3, 5, 9], "texture": "#5"},
				"down": {"uv": [4, 3, 5, 9], "rotation": 180, "texture": "#5"}
			}
		},
		{
			"from": [13.922, 7.67066, -2.55508],
			"to": [14.768, 8.51666, 4.21292],
			"rotation": {"angle": -22.5, "axis": "x", "origin": [8, 5.32354, 8]},
			"faces": {
				"north": {"uv": [4, 3, 5, 4], "rotation": 270, "texture": "#5"},
				"east": {"uv": [4, 3, 5, 11], "rotation": 270, "texture": "#5"},
				"south": {"uv": [4, 3, 5, 4], "rotation": 270, "texture": "#5"},
				"west": {"uv": [4, 3, 5, 11], "rotation": 270, "texture": "#5"},
				"up": {"uv": [4, 3, 5, 11], "texture": "#5"},
				"down": {"uv": [4, 3, 5, 11], "rotation": 180, "texture": "#5"}
			}
		},
		{
			"from": [13.076, 7.67066, -1.70908],
			"to": [13.922, 8.51666, 5.05892],
			"rotation": {"angle": -22.5, "axis": "x", "origin": [8, 5.32354, 8]},
			"faces": {
				"north": {"uv": [4, 3, 5, 4], "rotation": 270, "texture": "#5"},
				"east": {"uv": [4, 3, 5, 11], "rotation": 270, "texture": "#5"},
				"south": {"uv": [4, 3, 5, 4], "rotation": 270, "texture": "#5"},
				"west": {"uv": [4, 3, 5, 11], "rotation": 270, "texture": "#5"},
				"up": {"uv": [4, 3, 5, 11], "texture": "#5"},
				"down": {"uv": [4, 3, 5, 11], "rotation": 180, "texture": "#5"}
			}
		},
		{
			"from": [11.384, 7.67066, -0.86308],
			"to": [13.076, 8.51666, 5.90492],
			"rotation": {"angle": -22.5, "axis": "x", "origin": [8, 5.32354, 8]},
			"faces": {
				"north": {"uv": [4, 3, 5, 5], "rotation": 270, "texture": "#5"},
				"east": {"uv": [4, 3, 5, 11], "rotation": 270, "texture": "#5"},
				"south": {"uv": [4, 3, 5, 5], "rotation": 270, "texture": "#5"},
				"west": {"uv": [4, 3, 5, 11], "rotation": 270, "texture": "#5"},
				"up": {"uv": [4, 3, 5, 11], "texture": "#5"},
				"down": {"uv": [4, 3, 6, 11], "rotation": 180, "texture": "#5"}
			}
		},
		{
			"from": [5.462, 7.67066, -2.55508],
			"to": [6.308, 8.51666, 4.21292],
			"rotation": {"angle": -22.5, "axis": "x", "origin": [8, 5.32354, 8]},
			"faces": {
				"north": {"uv": [5, 3, 4, 4], "rotation": 270, "texture": "#5"},
				"east": {"uv": [5, 3, 4, 11], "rotation": 270, "texture": "#5"},
				"south": {"uv": [5, 3, 4, 4], "rotation": 270, "texture": "#5"},
				"west": {"uv": [5, 3, 4, 11], "rotation": 270, "texture": "#5"},
				"up": {"uv": [5, 3, 4, 11], "texture": "#5"},
				"down": {"uv": [5, 3, 4, 11], "rotation": 180, "texture": "#5"}
			}
		},
		{
			"from": [4.616, 7.67066, -1.70908],
			"to": [5.462, 8.51666, 5.05892],
			"rotation": {"angle": -22.5, "axis": "x", "origin": [8, 5.32354, 8]},
			"faces": {
				"north": {"uv": [5, 3, 4, 4], "rotation": 270, "texture": "#5"},
				"east": {"uv": [5, 3, 4, 11], "rotation": 270, "texture": "#5"},
				"south": {"uv": [5, 3, 4, 4], "rotation": 270, "texture": "#5"},
				"west": {"uv": [5, 3, 4, 11], "rotation": 270, "texture": "#5"},
				"up": {"uv": [5, 3, 4, 11], "texture": "#5"},
				"down": {"uv": [5, 3, 4, 11], "rotation": 180, "texture": "#5"}
			}
		},
		{
			"from": [6.308, 7.67066, -1.70908],
			"to": [7.154, 8.51666, 3.36692],
			"rotation": {"angle": -22.5, "axis": "x", "origin": [8, 5.32354, 8]},
			"faces": {
				"north": {"uv": [5, 3, 4, 4], "rotation": 270, "texture": "#5"},
				"east": {"uv": [5, 3, 4, 9], "rotation": 270, "texture": "#5"},
				"south": {"uv": [5, 3, 4, 4], "rotation": 270, "texture": "#5"},
				"west": {"uv": [5, 3, 4, 9], "rotation": 270, "texture": "#5"},
				"up": {"uv": [5, 3, 4, 9], "texture": "#5"},
				"down": {"uv": [5, 3, 4, 9], "rotation": 180, "texture": "#5"}
			}
		},
		{
			"from": [0.386, 7.67066, -1.70908],
			"to": [1.232, 8.51666, 3.36692],
			"rotation": {"angle": -22.5, "axis": "x", "origin": [8, 5.32354, 8]},
			"faces": {
				"north": {"uv": [5, 3, 4, 4], "rotation": 270, "texture": "#5"},
				"east": {"uv": [5, 3, 4, 9], "rotation": 270, "texture": "#5"},
				"south": {"uv": [5, 3, 4, 4], "rotation": 270, "texture": "#5"},
				"west": {"uv": [5, 3, 4, 9], "rotation": 270, "texture": "#5"},
				"up": {"uv": [5, 3, 4, 9], "texture": "#5"},
				"down": {"uv": [5, 3, 4, 9], "rotation": 180, "texture": "#5"}
			}
		},
		{
			"from": [1.232, 7.67066, -2.55508],
			"to": [2.078, 8.51666, 4.21292],
			"rotation": {"angle": -22.5, "axis": "x", "origin": [8, 5.32354, 8]},
			"faces": {
				"north": {"uv": [5, 3, 4, 4], "rotation": 270, "texture": "#5"},
				"east": {"uv": [5, 3, 4, 11], "rotation": 270, "texture": "#5"},
				"south": {"uv": [5, 3, 4, 4], "rotation": 270, "texture": "#5"},
				"west": {"uv": [5, 3, 4, 11], "rotation": 270, "texture": "#5"},
				"up": {"uv": [5, 3, 4, 11], "texture": "#5"},
				"down": {"uv": [5, 3, 4, 11], "rotation": 180, "texture": "#5"}
			}
		},
		{
			"from": [2.078, 7.67066, -1.70908],
			"to": [2.924, 8.51666, 5.05892],
			"rotation": {"angle": -22.5, "axis": "x", "origin": [8, 5.32354, 8]},
			"faces": {
				"north": {"uv": [5, 3, 4, 4], "rotation": 270, "texture": "#5"},
				"east": {"uv": [5, 3, 4, 11], "rotation": 270, "texture": "#5"},
				"south": {"uv": [5, 3, 4, 4], "rotation": 270, "texture": "#5"},
				"west": {"uv": [5, 3, 4, 11], "rotation": 270, "texture": "#5"},
				"up": {"uv": [5, 3, 4, 11], "texture": "#5"},
				"down": {"uv": [5, 3, 4, 11], "rotation": 180, "texture": "#5"}
			}
		},
		{
			"from": [2.924, 7.67066, -0.86308],
			"to": [4.616, 8.51666, 5.90492],
			"rotation": {"angle": -22.5, "axis": "x", "origin": [8, 5.32354, 8]},
			"faces": {
				"north": {"uv": [5, 3, 4, 5], "rotation": 270, "texture": "#5"},
				"east": {"uv": [5, 3, 4, 11], "rotation": 270, "texture": "#5"},
				"south": {"uv": [5, 3, 4, 5], "rotation": 270, "texture": "#5"},
				"west": {"uv": [5, 3, 4, 11], "rotation": 270, "texture": "#5"},
				"up": {"uv": [5, 3, 4, 11], "texture": "#5"},
				"down": {"uv": [6, 3, 4, 11], "rotation": 180, "texture": "#5"}
			}
		},
		{
			"from": [5.462, 7.67066, 11.78708],
			"to": [6.308, 8.51666, 18.55508],
			"rotation": {"angle": 22.5, "axis": "x", "origin": [8, 5.32354, 8]},
			"faces": {
				"north": {"uv": [5, 4, 4, 3], "rotation": 270, "texture": "#5"},
				"east": {"uv": [5, 11, 4, 3], "rotation": 270, "texture": "#5"},
				"south": {"uv": [5, 4, 4, 3], "rotation": 270, "texture": "#5"},
				"west": {"uv": [5, 11, 4, 3], "rotation": 270, "texture": "#5"},
				"up": {"uv": [5, 11, 4, 3], "texture": "#5"},
				"down": {"uv": [5, 11, 4, 3], "rotation": 180, "texture": "#5"}
			}
		},
		{
			"from": [4.616, 7.67066, 10.94108],
			"to": [5.462, 8.51666, 17.70908],
			"rotation": {"angle": 22.5, "axis": "x", "origin": [8, 5.32354, 8]},
			"faces": {
				"north": {"uv": [5, 4, 4, 3], "rotation": 270, "texture": "#5"},
				"east": {"uv": [5, 11, 4, 3], "rotation": 270, "texture": "#5"},
				"south": {"uv": [5, 4, 4, 3], "rotation": 270, "texture": "#5"},
				"west": {"uv": [5, 11, 4, 3], "rotation": 270, "texture": "#5"},
				"up": {"uv": [5, 11, 4, 3], "texture": "#5"},
				"down": {"uv": [5, 11, 4, 3], "rotation": 180, "texture": "#5"}
			}
		},
		{
			"from": [6.308, 7.67066, 12.63308],
			"to": [7.154, 8.51666, 17.70908],
			"rotation": {"angle": 22.5, "axis": "x", "origin": [8, 5.32354, 8]},
			"faces": {
				"north": {"uv": [5, 4, 4, 3], "rotation": 270, "texture": "#5"},
				"east": {"uv": [5, 9, 4, 3], "rotation": 270, "texture": "#5"},
				"south": {"uv": [5, 4, 4, 3], "rotation": 270, "texture": "#5"},
				"west": {"uv": [5, 9, 4, 3], "rotation": 270, "texture": "#5"},
				"up": {"uv": [5, 9, 4, 3], "texture": "#5"},
				"down": {"uv": [5, 9, 4, 3], "rotation": 180, "texture": "#5"}
			}
		},
		{
			"from": [0.386, 7.67066, 12.63308],
			"to": [1.232, 8.51666, 17.70908],
			"rotation": {"angle": 22.5, "axis": "x", "origin": [8, 5.32354, 8]},
			"faces": {
				"north": {"uv": [5, 4, 4, 3], "rotation": 270, "texture": "#5"},
				"east": {"uv": [5, 9, 4, 3], "rotation": 270, "texture": "#5"},
				"south": {"uv": [5, 4, 4, 3], "rotation": 270, "texture": "#5"},
				"west": {"uv": [5, 9, 4, 3], "rotation": 270, "texture": "#5"},
				"up": {"uv": [5, 9, 4, 3], "texture": "#5"},
				"down": {"uv": [5, 9, 4, 3], "rotation": 180, "texture": "#5"}
			}
		},
		{
			"from": [1.232, 7.67066, 11.78708],
			"to": [2.078, 8.51666, 18.55508],
			"rotation": {"angle": 22.5, "axis": "x", "origin": [8, 5.32354, 8]},
			"faces": {
				"north": {"uv": [5, 4, 4, 3], "rotation": 270, "texture": "#5"},
				"east": {"uv": [5, 11, 4, 3], "rotation": 270, "texture": "#5"},
				"south": {"uv": [5, 4, 4, 3], "rotation": 270, "texture": "#5"},
				"west": {"uv": [5, 11, 4, 3], "rotation": 270, "texture": "#5"},
				"up": {"uv": [5, 11, 4, 3], "texture": "#5"},
				"down": {"uv": [5, 11, 4, 3], "rotation": 180, "texture": "#5"}
			}
		},
		{
			"from": [2.078, 7.67066, 10.94108],
			"to": [2.924, 8.51666, 17.70908],
			"rotation": {"angle": 22.5, "axis": "x", "origin": [8, 5.32354, 8]},
			"faces": {
				"north": {"uv": [5, 4, 4, 3], "rotation": 270, "texture": "#5"},
				"east": {"uv": [5, 11, 4, 3], "rotation": 270, "texture": "#5"},
				"south": {"uv": [5, 4, 4, 3], "rotation": 270, "texture": "#5"},
				"west": {"uv": [5, 11, 4, 3], "rotation": 270, "texture": "#5"},
				"up": {"uv": [5, 11, 4, 3], "texture": "#5"},
				"down": {"uv": [5, 11, 4, 3], "rotation": 180, "texture": "#5"}
			}
		},
		{
			"from": [2.924, 7.67066, 10.09508],
			"to": [4.616, 8.51666, 16.86308],
			"rotation": {"angle": 22.5, "axis": "x", "origin": [8, 5.32354, 8]},
			"faces": {
				"north": {"uv": [5, 5, 4, 3], "rotation": 270, "texture": "#5"},
				"east": {"uv": [5, 11, 4, 3], "rotation": 270, "texture": "#5"},
				"south": {"uv": [5, 5, 4, 3], "rotation": 270, "texture": "#5"},
				"west": {"uv": [5, 11, 4, 3], "rotation": 270, "texture": "#5"},
				"up": {"uv": [5, 11, 4, 3], "texture": "#5"},
				"down": {"uv": [6, 11, 4, 3], "rotation": 180, "texture": "#5"}
			}
		},
		{
			"from": [9.692, 7.67066, 11.78708],
			"to": [10.538, 8.51666, 18.55508],
			"rotation": {"angle": 22.5, "axis": "x", "origin": [8, 5.32354, 8]},
			"faces": {
				"north": {"uv": [4, 4, 5, 3], "rotation": 270, "texture": "#5"},
				"east": {"uv": [4, 11, 5, 3], "rotation": 270, "texture": "#5"},
				"south": {"uv": [4, 4, 5, 3], "rotation": 270, "texture": "#5"},
				"west": {"uv": [4, 11, 5, 3], "rotation": 270, "texture": "#5"},
				"up": {"uv": [4, 11, 5, 3], "texture": "#5"},
				"down": {"uv": [4, 11, 5, 3], "rotation": 180, "texture": "#5"}
			}
		},
		{
			"from": [10.538, 7.67066, 10.94108],
			"to": [11.384, 8.51666, 17.70908],
			"rotation": {"angle": 22.5, "axis": "x", "origin": [8, 5.32354, 8]},
			"faces": {
				"north": {"uv": [4, 4, 5, 3], "rotation": 270, "texture": "#5"},
				"east": {"uv": [4, 11, 5, 3], "rotation": 270, "texture": "#5"},
				"south": {"uv": [4, 4, 5, 3], "rotation": 270, "texture": "#5"},
				"west": {"uv": [4, 11, 5, 3], "rotation": 270, "texture": "#5"},
				"up": {"uv": [4, 11, 5, 3], "texture": "#5"},
				"down": {"uv": [4, 11, 5, 3], "rotation": 180, "texture": "#5"}
			}
		},
		{
			"from": [8.846, 7.67066, 12.63308],
			"to": [9.692, 8.51666, 17.70908],
			"rotation": {"angle": 22.5, "axis": "x", "origin": [8, 5.32354, 8]},
			"faces": {
				"north": {"uv": [4, 4, 5, 3], "rotation": 270, "texture": "#5"},
				"east": {"uv": [4, 9, 5, 3], "rotation": 270, "texture": "#5"},
				"south": {"uv": [4, 4, 5, 3], "rotation": 270, "texture": "#5"},
				"west": {"uv": [4, 9, 5, 3], "rotation": 270, "texture": "#5"},
				"up": {"uv": [4, 9, 5, 3], "texture": "#5"},
				"down": {"uv": [4, 9, 5, 3], "rotation": 180, "texture": "#5"}
			}
		},
		{
			"from": [14.768, 7.67066, 12.63308],
			"to": [15.614, 8.51666, 17.70908],
			"rotation": {"angle": 22.5, "axis": "x", "origin": [8, 5.32354, 8]},
			"faces": {
				"north": {"uv": [4, 4, 5, 3], "rotation": 270, "texture": "#5"},
				"east": {"uv": [4, 9, 5, 3], "rotation": 270, "texture": "#5"},
				"south": {"uv": [4, 4, 5, 3], "rotation": 270, "texture": "#5"},
				"west": {"uv": [4, 9, 5, 3], "rotation": 270, "texture": "#5"},
				"up": {"uv": [4, 9, 5, 3], "texture": "#5"},
				"down": {"uv": [4, 9, 5, 3], "rotation": 180, "texture": "#5"}
			}
		},
		{
			"from": [13.922, 7.67066, 11.78708],
			"to": [14.768, 8.51666, 18.55508],
			"rotation": {"angle": 22.5, "axis": "x", "origin": [8, 5.32354, 8]},
			"faces": {
				"north": {"uv": [4, 4, 5, 3], "rotation": 270, "texture": "#5"},
				"east": {"uv": [4, 11, 5, 3], "rotation": 270, "texture": "#5"},
				"south": {"uv": [4, 4, 5, 3], "rotation": 270, "texture": "#5"},
				"west": {"uv": [4, 11, 5, 3], "rotation": 270, "texture": "#5"},
				"up": {"uv": [4, 11, 5, 3], "texture": "#5"},
				"down": {"uv": [4, 11, 5, 3], "rotation": 180, "texture": "#5"}
			}
		},
		{
			"from": [13.076, 7.67066, 10.94108],
			"to": [13.922, 8.51666, 17.70908],
			"rotation": {"angle": 22.5, "axis": "x", "origin": [8, 5.32354, 8]},
			"faces": {
				"north": {"uv": [4, 4, 5, 3], "rotation": 270, "texture": "#5"},
				"east": {"uv": [4, 11, 5, 3], "rotation": 270, "texture": "#5"},
				"south": {"uv": [4, 4, 5, 3], "rotation": 270, "texture": "#5"},
				"west": {"uv": [4, 11, 5, 3], "rotation": 270, "texture": "#5"},
				"up": {"uv": [4, 11, 5, 3], "texture": "#5"},
				"down": {"uv": [4, 11, 5, 3], "rotation": 180, "texture": "#5"}
			}
		},
		{
			"from": [11.384, 7.67066, 10.09508],
			"to": [13.076, 8.51666, 16.86308],
			"rotation": {"angle": 22.5, "axis": "x", "origin": [8, 5.32354, 8]},
			"faces": {
				"north": {"uv": [4, 5, 5, 3], "rotation": 270, "texture": "#5"},
				"east": {"uv": [4, 11, 5, 3], "rotation": 270, "texture": "#5"},
				"south": {"uv": [4, 5, 5, 3], "rotation": 270, "texture": "#5"},
				"west": {"uv": [4, 11, 5, 3], "rotation": 270, "texture": "#5"},
				"up": {"uv": [4, 11, 5, 3], "texture": "#5"},
				"down": {"uv": [4, 11, 6, 3], "rotation": 180, "texture": "#5"}
			}
		},
		{
			"from": [5, 8.2, 5],
			"to": [11, 9.2, 11],
			"rotation": {"angle": 0, "axis": "y", "origin": [0, 2, 0]},
			"faces": {
				"north": {"uv": [0, 0, 8, 1], "texture": "#0"},
				"east": {"uv": [0, 0, 8, 1], "texture": "#0"},
				"south": {"uv": [0, 0, 8, 1], "texture": "#0"},
				"west": {"uv": [0, 0, 8, 1], "texture": "#0"},
				"up": {"uv": [0, 0, 8, 8], "texture": "#0"},
				"down": {"uv": [0, 0, 8, 8], "texture": "#0"}
			}
		},
		{
			"from": [5, 8.2, 4],
			"to": [11, 9.2, 5],
			"rotation": {"angle": 0, "axis": "y", "origin": [0, 2, 0]},
			"faces": {
				"north": {"uv": [10, 10, 11, 11], "texture": "#1"},
				"east": {"uv": [10, 10, 11, 11], "texture": "#1"},
				"south": {"uv": [10, 10, 11, 11], "texture": "#1"},
				"west": {"uv": [10, 10, 11, 11], "texture": "#1"},
				"up": {"uv": [10, 10, 11, 11], "texture": "#1"},
				"down": {"uv": [10, 10, 11, 11], "texture": "#1"}
			}
		},
		{
			"from": [5, 8.2, 11],
			"to": [11, 9.2, 12],
			"rotation": {"angle": 0, "axis": "y", "origin": [0, 2, 0]},
			"faces": {
				"north": {"uv": [9, 10, 10, 11], "texture": "#1"},
				"east": {"uv": [9, 10, 10, 11], "texture": "#1"},
				"south": {"uv": [9, 10, 10, 11], "texture": "#1"},
				"west": {"uv": [9, 10, 10, 11], "texture": "#1"},
				"up": {"uv": [10, 10, 11, 11], "texture": "#1"},
				"down": {"uv": [9, 10, 10, 11], "texture": "#1"}
			}
		},
		{
			"from": [4, 8.2, 5],
			"to": [5, 9.2, 11],
			"rotation": {"angle": 0, "axis": "y", "origin": [0, 2, 0]},
			"faces": {
				"north": {"uv": [10, 10, 11, 11], "rotation": 90, "texture": "#1"},
				"east": {"uv": [10, 10, 11, 11], "rotation": 90, "texture": "#1"},
				"south": {"uv": [10, 10, 11, 11], "rotation": 90, "texture": "#1"},
				"west": {"uv": [10, 10, 11, 11], "rotation": 90, "texture": "#1"},
				"up": {"uv": [10, 10, 11, 11], "rotation": 90, "texture": "#1"},
				"down": {"uv": [10, 10, 11, 11], "rotation": 90, "texture": "#1"}
			}
		},
		{
			"from": [11, 8.2, 5],
			"to": [12, 9.2, 11],
			"rotation": {"angle": 0, "axis": "y", "origin": [16, 2, 0]},
			"faces": {
				"north": {"uv": [10, 11, 11, 10], "rotation": 90, "texture": "#1"},
				"east": {"uv": [10, 11, 11, 10], "rotation": 90, "texture": "#1"},
				"south": {"uv": [10, 11, 11, 10], "rotation": 90, "texture": "#1"},
				"west": {"uv": [10, 11, 11, 10], "rotation": 90, "texture": "#1"},
				"up": {"uv": [10, 11, 11, 10], "rotation": 90, "texture": "#1"},
				"down": {"uv": [10, 11, 11, 10], "rotation": 90, "texture": "#1"}
			}
		},
		{
			"from": [3, 8.1, 3],
			"to": [13, 9.1, 13],
			"rotation": {"angle": 0, "axis": "y", "origin": [0, 2, 0]},
			"faces": {
				"north": {"uv": [0, 0, 8, 1], "texture": "#2"},
				"east": {"uv": [0, 0, 8, 1], "texture": "#2"},
				"south": {"uv": [0, 0, 8, 1], "texture": "#2"},
				"west": {"uv": [0, 0, 8, 1], "texture": "#2"},
				"up": {"uv": [0, 0, 8, 8], "texture": "#2"},
				"down": {"uv": [0, 0, 8, 8], "texture": "#2"}
			}
		},
		{
			"from": [5, 8, -1],
			"to": [6, 9, 1],
			"rotation": {"angle": 0, "axis": "y", "origin": [0, 2, 0]},
			"faces": {
				"north": {"uv": [5, 0, 6, 1], "texture": "#4"},
				"east": {"uv": [4, 0, 6, 1], "texture": "#4"},
				"south": {"uv": [4, 0, 5, 1], "texture": "#4"},
				"west": {"uv": [0, 4, 1, 6], "texture": "#4"},
				"up": {"uv": [0, 4, 1, 6], "texture": "#4"},
				"down": {"uv": [0, 4, 1, 6], "texture": "#4"}
			}
		},
		{
			"from": [6, 8, -2],
			"to": [7, 9, 2],
			"rotation": {"angle": 0, "axis": "y", "origin": [0, 2, 0]},
			"faces": {
				"north": {"uv": [5, 0, 6, 1], "texture": "#4"},
				"east": {"uv": [4, 0, 8, 1], "texture": "#4"},
				"south": {"uv": [4, 0, 5, 1], "texture": "#4"},
				"west": {"uv": [0, 4, 1, 8], "texture": "#4"},
				"up": {"uv": [0, 4, 1, 8], "texture": "#4"},
				"down": {"uv": [0, 4, 1, 8], "texture": "#4"}
			}
		},
		{
			"from": [10, 8, -1],
			"to": [11, 9, 1],
			"rotation": {"angle": 0, "axis": "y", "origin": [0, 2, 0]},
			"faces": {
				"north": {"uv": [5, 0, 6, 1], "texture": "#4"},
				"east": {"uv": [4, 0, 6, 1], "texture": "#4"},
				"south": {"uv": [4, 0, 5, 1], "texture": "#4"},
				"west": {"uv": [0, 4, 1, 6], "texture": "#4"},
				"up": {"uv": [0, 4, 1, 6], "texture": "#4"},
				"down": {"uv": [0, 4, 1, 6], "texture": "#4"}
			}
		},
		{
			"from": [9, 8, -2],
			"to": [10, 9, 2],
			"rotation": {"angle": 0, "axis": "y", "origin": [0, 2, 0]},
			"faces": {
				"north": {"uv": [5, 0, 6, 1], "texture": "#4"},
				"east": {"uv": [4, 0, 8, 1], "texture": "#4"},
				"south": {"uv": [4, 0, 5, 1], "texture": "#4"},
				"west": {"uv": [0, 4, 1, 8], "texture": "#4"},
				"up": {"uv": [0, 4, 1, 8], "texture": "#4"},
				"down": {"uv": [0, 4, 1, 8], "texture": "#4"}
			}
		},
		{
			"from": [7, 8, -3],
			"to": [9, 9, 3],
			"rotation": {"angle": 0, "axis": "y", "origin": [0, 2, 0]},
			"faces": {
				"north": {"uv": [5, 0, 7, 1], "texture": "#4"},
				"east": {"uv": [7, 0, 13, 1], "texture": "#4"},
				"south": {"uv": [4, 0, 6, 1], "texture": "#4"},
				"west": {"uv": [1, 0, 7, 1], "texture": "#4"},
				"up": {"uv": [13, 1, 15, 7], "rotation": 180, "texture": "#4"},
				"down": {"uv": [0, 4, 2, 10], "texture": "#4"}
			}
		},
		{
			"from": [5, 8, 15],
			"to": [6, 9, 17],
			"rotation": {"angle": 0, "axis": "y", "origin": [0, 2, 16]},
			"faces": {
				"north": {"uv": [5, 0, 4, 1], "texture": "#4"},
				"east": {"uv": [6, 0, 4, 1], "texture": "#4"},
				"south": {"uv": [6, 0, 5, 1], "texture": "#4"},
				"west": {"uv": [1, 4, 0, 6], "texture": "#4"},
				"up": {"uv": [0, 6, 1, 4], "texture": "#4"},
				"down": {"uv": [0, 6, 1, 4], "texture": "#4"}
			}
		},
		{
			"from": [6, 8, 14],
			"to": [7, 9, 18],
			"rotation": {"angle": 0, "axis": "y", "origin": [0, 2, 16]},
			"faces": {
				"north": {"uv": [5, 0, 4, 1], "texture": "#4"},
				"east": {"uv": [8, 0, 4, 1], "texture": "#4"},
				"south": {"uv": [6, 0, 5, 1], "texture": "#4"},
				"west": {"uv": [1, 4, 0, 8], "texture": "#4"},
				"up": {"uv": [0, 8, 1, 4], "texture": "#4"},
				"down": {"uv": [0, 8, 1, 4], "texture": "#4"}
			}
		},
		{
			"from": [10, 8, 15],
			"to": [11, 9, 17],
			"rotation": {"angle": 0, "axis": "y", "origin": [0, 2, 16]},
			"faces": {
				"north": {"uv": [5, 0, 4, 1], "texture": "#4"},
				"east": {"uv": [6, 0, 4, 1], "texture": "#4"},
				"south": {"uv": [6, 0, 5, 1], "texture": "#4"},
				"west": {"uv": [1, 4, 0, 6], "texture": "#4"},
				"up": {"uv": [0, 6, 1, 4], "texture": "#4"},
				"down": {"uv": [0, 6, 1, 4], "texture": "#4"}
			}
		},
		{
			"from": [9, 8, 14],
			"to": [10, 9, 18],
			"rotation": {"angle": 0, "axis": "y", "origin": [0, 2, 16]},
			"faces": {
				"north": {"uv": [5, 0, 4, 1], "texture": "#4"},
				"east": {"uv": [8, 0, 4, 1], "texture": "#4"},
				"south": {"uv": [6, 0, 5, 1], "texture": "#4"},
				"west": {"uv": [1, 4, 0, 8], "texture": "#4"},
				"up": {"uv": [0, 8, 1, 4], "texture": "#4"},
				"down": {"uv": [0, 8, 1, 4], "texture": "#4"}
			}
		},
		{
			"from": [7, 8, 13],
			"to": [9, 9, 19],
			"rotation": {"angle": 0, "axis": "y", "origin": [0, 2, 16]},
			"faces": {
				"north": {"uv": [6, 0, 4, 1], "texture": "#4"},
				"east": {"uv": [13, 0, 7, 1], "texture": "#4"},
				"south": {"uv": [7, 0, 5, 1], "texture": "#4"},
				"west": {"uv": [7, 0, 1, 1], "texture": "#4"},
				"up": {"uv": [13, 7, 15, 1], "rotation": 180, "texture": "#4"},
				"down": {"uv": [0, 10, 2, 4], "texture": "#4"}
			}
		},
		{
			"from": [-1, 8, 10],
			"to": [1, 9, 11],
			"rotation": {"angle": 0, "axis": "y", "origin": [0, 2, 0]},
			"faces": {
				"north": {"uv": [4, 0, 6, 1], "texture": "#4"},
				"east": {"uv": [4, 0, 5, 1], "texture": "#4"},
				"south": {"uv": [0, 4, 1, 6], "texture": "#4"},
				"west": {"uv": [5, 0, 6, 1], "texture": "#4"},
				"up": {"uv": [0, 4, 1, 6], "rotation": 270, "texture": "#4"},
				"down": {"uv": [0, 4, 1, 6], "rotation": 90, "texture": "#4"}
			}
		},
		{
			"from": [-2, 8, 9],
			"to": [2, 9, 10],
			"rotation": {"angle": 0, "axis": "y", "origin": [0, 2, 0]},
			"faces": {
				"north": {"uv": [4, 0, 8, 1], "texture": "#4"},
				"east": {"uv": [4, 0, 5, 1], "texture": "#4"},
				"south": {"uv": [0, 4, 1, 8], "texture": "#4"},
				"west": {"uv": [5, 0, 6, 1], "texture": "#4"},
				"up": {"uv": [0, 4, 1, 8], "rotation": 270, "texture": "#4"},
				"down": {"uv": [0, 4, 1, 8], "rotation": 90, "texture": "#4"}
			}
		},
		{
			"from": [-1, 8, 5],
			"to": [1, 9, 6],
			"rotation": {"angle": 0, "axis": "y", "origin": [0, 2, 0]},
			"faces": {
				"north": {"uv": [4, 0, 6, 1], "texture": "#4"},
				"east": {"uv": [4, 0, 5, 1], "texture": "#4"},
				"south": {"uv": [0, 4, 1, 6], "texture": "#4"},
				"west": {"uv": [5, 0, 6, 1], "texture": "#4"},
				"up": {"uv": [0, 4, 1, 6], "rotation": 270, "texture": "#4"},
				"down": {"uv": [0, 4, 1, 6], "rotation": 90, "texture": "#4"}
			}
		},
		{
			"from": [-2, 8, 6],
			"to": [2, 9, 7],
			"rotation": {"angle": 0, "axis": "y", "origin": [0, 2, 0]},
			"faces": {
				"north": {"uv": [4, 0, 8, 1], "texture": "#4"},
				"east": {"uv": [4, 0, 5, 1], "texture": "#4"},
				"south": {"uv": [0, 4, 1, 8], "texture": "#4"},
				"west": {"uv": [5, 0, 6, 1], "texture": "#4"},
				"up": {"uv": [0, 4, 1, 8], "rotation": 270, "texture": "#4"},
				"down": {"uv": [0, 4, 1, 8], "rotation": 90, "texture": "#4"}
			}
		},
		{
			"from": [-3, 8, 7],
			"to": [3, 9, 9],
			"rotation": {"angle": 0, "axis": "y", "origin": [0, 2, 0]},
			"faces": {
				"north": {"uv": [7, 0, 13, 1], "texture": "#4"},
				"east": {"uv": [4, 0, 6, 1], "texture": "#4"},
				"south": {"uv": [1, 0, 7, 1], "texture": "#4"},
				"west": {"uv": [5, 0, 7, 1], "texture": "#4"},
				"up": {"uv": [13, 1, 15, 7], "rotation": 90, "texture": "#4"},
				"down": {"uv": [0, 4, 2, 10], "rotation": 90, "texture": "#4"}
			}
		},
		{
			"from": [15, 8, 10],
			"to": [17, 9, 11],
			"rotation": {"angle": 0, "axis": "y", "origin": [16, 2, 0]},
			"faces": {
				"north": {"uv": [6, 0, 4, 1], "texture": "#4"},
				"east": {"uv": [6, 0, 5, 1], "texture": "#4"},
				"south": {"uv": [1, 4, 0, 6], "texture": "#4"},
				"west": {"uv": [5, 0, 4, 1], "texture": "#4"},
				"up": {"uv": [0, 6, 1, 4], "rotation": 270, "texture": "#4"},
				"down": {"uv": [0, 6, 1, 4], "rotation": 90, "texture": "#4"}
			}
		},
		{
			"from": [14, 8, 9],
			"to": [18, 9, 10],
			"rotation": {"angle": 0, "axis": "y", "origin": [16, 2, 0]},
			"faces": {
				"north": {"uv": [8, 0, 4, 1], "texture": "#4"},
				"east": {"uv": [6, 0, 5, 1], "texture": "#4"},
				"south": {"uv": [1, 4, 0, 8], "texture": "#4"},
				"west": {"uv": [5, 0, 4, 1], "texture": "#4"},
				"up": {"uv": [0, 8, 1, 4], "rotation": 270, "texture": "#4"},
				"down": {"uv": [0, 8, 1, 4], "rotation": 90, "texture": "#4"}
			}
		},
		{
			"from": [15, 8, 5],
			"to": [17, 9, 6],
			"rotation": {"angle": 0, "axis": "y", "origin": [16, 2, 0]},
			"faces": {
				"north": {"uv": [6, 0, 4, 1], "texture": "#4"},
				"east": {"uv": [6, 0, 5, 1], "texture": "#4"},
				"south": {"uv": [1, 4, 0, 6], "texture": "#4"},
				"west": {"uv": [5, 0, 4, 1], "texture": "#4"},
				"up": {"uv": [0, 6, 1, 4], "rotation": 270, "texture": "#4"},
				"down": {"uv": [0, 6, 1, 4], "rotation": 90, "texture": "#4"}
			}
		},
		{
			"from": [14, 8, 6],
			"to": [18, 9, 7],
			"rotation": {"angle": 0, "axis": "y", "origin": [16, 2, 0]},
			"faces": {
				"north": {"uv": [8, 0, 4, 1], "texture": "#4"},
				"east": {"uv": [6, 0, 5, 1], "texture": "#4"},
				"south": {"uv": [1, 4, 0, 8], "texture": "#4"},
				"west": {"uv": [5, 0, 4, 1], "texture": "#4"},
				"up": {"uv": [0, 8, 1, 4], "rotation": 270, "texture": "#4"},
				"down": {"uv": [0, 8, 1, 4], "rotation": 90, "texture": "#4"}
			}
		},
		{
			"from": [13, 8, 7],
			"to": [19, 9, 9],
			"rotation": {"angle": 0, "axis": "y", "origin": [16, 2, 0]},
			"faces": {
				"north": {"uv": [13, 0, 7, 1], "texture": "#4"},
				"east": {"uv": [7, 0, 5, 1], "texture": "#4"},
				"south": {"uv": [7, 0, 1, 1], "texture": "#4"},
				"west": {"uv": [6, 0, 4, 1], "texture": "#4"},
				"up": {"uv": [13, 7, 15, 1], "rotation": 90, "texture": "#4"},
				"down": {"uv": [0, 10, 2, 4], "rotation": 90, "texture": "#4"}
			}
		},
		{
			"from": [18, 8, 1],
			"to": [19, 9, 4],
			"rotation": {"angle": -45, "axis": "y", "origin": [16, 2, 0]},
			"faces": {
				"north": {"uv": [6, 0, 5, 1], "texture": "#4"},
				"east": {"uv": [1, 4, 0, 6], "texture": "#4"},
				"south": {"uv": [5, 0, 4, 1], "texture": "#4"},
				"west": {"uv": [6, 0, 4, 1], "texture": "#4"},
				"up": {"uv": [1, 4, 0, 6], "texture": "#4"},
				"down": {"uv": [1, 4, 0, 6], "texture": "#4"}
			}
		},
		{
			"from": [17, 8, 0],
			"to": [18, 9, 5],
			"rotation": {"angle": -45, "axis": "y", "origin": [16, 2, 0]},
			"faces": {
				"north": {"uv": [6, 0, 5, 1], "texture": "#4"},
				"east": {"uv": [1, 4, 0, 8], "texture": "#4"},
				"south": {"uv": [5, 0, 4, 1], "texture": "#4"},
				"west": {"uv": [8, 0, 4, 1], "texture": "#4"},
				"up": {"uv": [1, 4, 0, 8], "texture": "#4"},
				"down": {"uv": [1, 4, 0, 8], "texture": "#4"}
			}
		},
		{
			"from": [13, 8, 1],
			"to": [14, 9, 4],
			"rotation": {"angle": -45, "axis": "y", "origin": [16, 2, 0]},
			"faces": {
				"north": {"uv": [6, 0, 5, 1], "texture": "#4"},
				"east": {"uv": [1, 4, 0, 6], "texture": "#4"},
				"south": {"uv": [5, 0, 4, 1], "texture": "#4"},
				"west": {"uv": [6, 0, 4, 1], "texture": "#4"},
				"up": {"uv": [1, 4, 0, 6], "texture": "#4"},
				"down": {"uv": [1, 4, 0, 6], "texture": "#4"}
			}
		},
		{
			"from": [14, 8, 0],
			"to": [15, 9, 5],
			"rotation": {"angle": -45, "axis": "y", "origin": [16, 2, 0]},
			"faces": {
				"north": {"uv": [6, 0, 5, 1], "texture": "#4"},
				"east": {"uv": [1, 4, 0, 8], "texture": "#4"},
				"south": {"uv": [5, 0, 4, 1], "texture": "#4"},
				"west": {"uv": [8, 0, 4, 1], "texture": "#4"},
				"up": {"uv": [1, 4, 0, 8], "texture": "#4"},
				"down": {"uv": [1, 4, 0, 8], "texture": "#4"}
			}
		},
		{
			"from": [15, 8, -1],
			"to": [17, 9, 6],
			"rotation": {"angle": -45, "axis": "y", "origin": [16, 2, 0]},
			"faces": {
				"north": {"uv": [7, 0, 5, 1], "texture": "#4"},
				"east": {"uv": [7, 0, 1, 1], "texture": "#4"},
				"south": {"uv": [6, 0, 4, 1], "texture": "#4"},
				"west": {"uv": [13, 0, 7, 1], "texture": "#4"},
				"up": {"uv": [15, 1, 13, 7], "rotation": 180, "texture": "#4"},
				"down": {"uv": [2, 4, 0, 10], "texture": "#4"}
			}
		},
		{
			"from": [-3, 8, 12],
			"to": [-2, 9, 15],
			"rotation": {"angle": -45, "axis": "y", "origin": [0, 2, 16]},
			"faces": {
				"north": {"uv": [5, 0, 4, 1], "texture": "#4"},
				"east": {"uv": [6, 0, 4, 1], "texture": "#4"},
				"south": {"uv": [6, 0, 5, 1], "texture": "#4"},
				"west": {"uv": [1, 4, 0, 6], "texture": "#4"},
				"up": {"uv": [0, 6, 1, 4], "texture": "#4"},
				"down": {"uv": [0, 6, 1, 4], "texture": "#4"}
			}
		},
		{
			"from": [-2, 8, 11],
			"to": [-1, 9, 16],
			"rotation": {"angle": -45, "axis": "y", "origin": [0, 2, 16]},
			"faces": {
				"north": {"uv": [5, 0, 4, 1], "texture": "#4"},
				"east": {"uv": [8, 0, 4, 1], "texture": "#4"},
				"south": {"uv": [6, 0, 5, 1], "texture": "#4"},
				"west": {"uv": [1, 4, 0, 8], "texture": "#4"},
				"up": {"uv": [0, 8, 1, 4], "texture": "#4"},
				"down": {"uv": [0, 8, 1, 4], "texture": "#4"}
			}
		},
		{
			"from": [2, 8, 12],
			"to": [3, 9, 15],
			"rotation": {"angle": -45, "axis": "y", "origin": [0, 2, 16]},
			"faces": {
				"north": {"uv": [5, 0, 4, 1], "texture": "#4"},
				"east": {"uv": [6, 0, 4, 1], "texture": "#4"},
				"south": {"uv": [6, 0, 5, 1], "texture": "#4"},
				"west": {"uv": [1, 4, 0, 6], "texture": "#4"},
				"up": {"uv": [0, 6, 1, 4], "texture": "#4"},
				"down": {"uv": [0, 6, 1, 4], "texture": "#4"}
			}
		},
		{
			"from": [1, 8, 11],
			"to": [2, 9, 16],
			"rotation": {"angle": -45, "axis": "y", "origin": [0, 2, 16]},
			"faces": {
				"north": {"uv": [5, 0, 4, 1], "texture": "#4"},
				"east": {"uv": [8, 0, 4, 1], "texture": "#4"},
				"south": {"uv": [6, 0, 5, 1], "texture": "#4"},
				"west": {"uv": [1, 4, 0, 8], "texture": "#4"},
				"up": {"uv": [0, 8, 1, 4], "texture": "#4"},
				"down": {"uv": [0, 8, 1, 4], "texture": "#4"}
			}
		},
		{
			"from": [-1, 8, 10],
			"to": [1, 9, 17],
			"rotation": {"angle": -45, "axis": "y", "origin": [0, 2, 16]},
			"faces": {
				"north": {"uv": [6, 0, 4, 1], "texture": "#4"},
				"east": {"uv": [13, 0, 7, 1], "texture": "#4"},
				"south": {"uv": [7, 0, 5, 1], "texture": "#4"},
				"west": {"uv": [7, 0, 1, 1], "texture": "#4"},
				"up": {"uv": [13, 7, 15, 1], "rotation": 180, "texture": "#4"},
				"down": {"uv": [0, 10, 2, 4], "texture": "#4"}
			}
		},
		{
			"from": [18, 8, 12],
			"to": [19, 9, 15],
			"rotation": {"angle": 45, "axis": "y", "origin": [16, 2, 16]},
			"faces": {
				"north": {"uv": [4, 0, 5, 1], "texture": "#4"},
				"east": {"uv": [0, 4, 1, 6], "texture": "#4"},
				"south": {"uv": [5, 0, 6, 1], "texture": "#4"},
				"west": {"uv": [4, 0, 6, 1], "texture": "#4"},
				"up": {"uv": [1, 6, 0, 4], "texture": "#4"},
				"down": {"uv": [1, 6, 0, 4], "texture": "#4"}
			}
		},
		{
			"from": [17, 8, 11],
			"to": [18, 9, 16],
			"rotation": {"angle": 45, "axis": "y", "origin": [16, 2, 16]},
			"faces": {
				"north": {"uv": [4, 0, 5, 1], "texture": "#4"},
				"east": {"uv": [0, 4, 1, 8], "texture": "#4"},
				"south": {"uv": [5, 0, 6, 1], "texture": "#4"},
				"west": {"uv": [4, 0, 8, 1], "texture": "#4"},
				"up": {"uv": [1, 8, 0, 4], "texture": "#4"},
				"down": {"uv": [1, 8, 0, 4], "texture": "#4"}
			}
		},
		{
			"from": [13, 8, 12],
			"to": [14, 9, 15],
			"rotation": {"angle": 45, "axis": "y", "origin": [16, 2, 16]},
			"faces": {
				"north": {"uv": [4, 0, 5, 1], "texture": "#4"},
				"east": {"uv": [0, 4, 1, 6], "texture": "#4"},
				"south": {"uv": [5, 0, 6, 1], "texture": "#4"},
				"west": {"uv": [4, 0, 6, 1], "texture": "#4"},
				"up": {"uv": [1, 6, 0, 4], "texture": "#4"},
				"down": {"uv": [1, 6, 0, 4], "texture": "#4"}
			}
		},
		{
			"from": [14, 8, 11],
			"to": [15, 9, 16],
			"rotation": {"angle": 45, "axis": "y", "origin": [16, 2, 16]},
			"faces": {
				"north": {"uv": [4, 0, 5, 1], "texture": "#4"},
				"east": {"uv": [0, 4, 1, 8], "texture": "#4"},
				"south": {"uv": [5, 0, 6, 1], "texture": "#4"},
				"west": {"uv": [4, 0, 8, 1], "texture": "#4"},
				"up": {"uv": [1, 8, 0, 4], "texture": "#4"},
				"down": {"uv": [1, 8, 0, 4], "texture": "#4"}
			}
		},
		{
			"from": [15, 8, 10],
			"to": [17, 9, 17],
			"rotation": {"angle": 45, "axis": "y", "origin": [16, 2, 16]},
			"faces": {
				"north": {"uv": [4, 0, 6, 1], "texture": "#4"},
				"east": {"uv": [1, 0, 7, 1], "texture": "#4"},
				"south": {"uv": [5, 0, 7, 1], "texture": "#4"},
				"west": {"uv": [7, 0, 13, 1], "texture": "#4"},
				"up": {"uv": [15, 7, 13, 1], "rotation": 180, "texture": "#4"},
				"down": {"uv": [2, 10, 0, 4], "texture": "#4"}
			}
		},
		{
			"from": [-3, 8, 1],
			"to": [-2, 9, 4],
			"rotation": {"angle": 45, "axis": "y", "origin": [0, 2, 0]},
			"faces": {
				"north": {"uv": [5, 0, 6, 1], "texture": "#4"},
				"east": {"uv": [4, 0, 6, 1], "texture": "#4"},
				"south": {"uv": [4, 0, 5, 1], "texture": "#4"},
				"west": {"uv": [0, 4, 1, 6], "texture": "#4"},
				"up": {"uv": [0, 4, 1, 6], "texture": "#4"},
				"down": {"uv": [0, 4, 1, 6], "texture": "#4"}
			}
		},
		{
			"from": [-2, 8, 0],
			"to": [-1, 9, 5],
			"rotation": {"angle": 45, "axis": "y", "origin": [0, 2, 0]},
			"faces": {
				"north": {"uv": [5, 0, 6, 1], "texture": "#4"},
				"east": {"uv": [4, 0, 8, 1], "texture": "#4"},
				"south": {"uv": [4, 0, 5, 1], "texture": "#4"},
				"west": {"uv": [0, 4, 1, 8], "texture": "#4"},
				"up": {"uv": [0, 4, 1, 8], "texture": "#4"},
				"down": {"uv": [0, 4, 1, 8], "texture": "#4"}
			}
		},
		{
			"from": [2, 8, 1],
			"to": [3, 9, 4],
			"rotation": {"angle": 45, "axis": "y", "origin": [0, 2, 0]},
			"faces": {
				"north": {"uv": [5, 0, 6, 1], "texture": "#4"},
				"east": {"uv": [4, 0, 6, 1], "texture": "#4"},
				"south": {"uv": [4, 0, 5, 1], "texture": "#4"},
				"west": {"uv": [0, 4, 1, 6], "texture": "#4"},
				"up": {"uv": [0, 4, 1, 6], "texture": "#4"},
				"down": {"uv": [0, 4, 1, 6], "texture": "#4"}
			}
		},
		{
			"from": [1, 8, 0],
			"to": [2, 9, 5],
			"rotation": {"angle": 45, "axis": "y", "origin": [0, 2, 0]},
			"faces": {
				"north": {"uv": [5, 0, 6, 1], "texture": "#4"},
				"east": {"uv": [4, 0, 8, 1], "texture": "#4"},
				"south": {"uv": [4, 0, 5, 1], "texture": "#4"},
				"west": {"uv": [0, 4, 1, 8], "texture": "#4"},
				"up": {"uv": [0, 4, 1, 8], "texture": "#4"},
				"down": {"uv": [0, 4, 1, 8], "texture": "#4"}
			}
		},
		{
			"from": [-1, 8, -1],
			"to": [1, 9, 6],
			"rotation": {"angle": 45, "axis": "y", "origin": [0, 2, 0]},
			"faces": {
				"north": {"uv": [5, 0, 7, 1], "texture": "#4"},
				"east": {"uv": [7, 0, 13, 1], "texture": "#4"},
				"south": {"uv": [4, 0, 6, 1], "texture": "#4"},
				"west": {"uv": [1, 0, 7, 1], "texture": "#4"},
				"up": {"uv": [13, 1, 15, 7], "rotation": 180, "texture": "#4"},
				"down": {"uv": [0, 4, 2, 10], "texture": "#4"}
			}
		}
	],
	"display": {
		"ground": {
			"translation": [0, 6, 0]
		},
		"gui": {
			"rotation": [31, -30, 0],
			"scale": [0.5, 0.5, 0.5]
		},
		"head": {
			"translation": [0, -3, 0],
			"scale": [2, 2, 2]
		},
		"fixed": {
			"rotation": [-90, 0, 0],
			"translation": [0, 0, -5.25],
			"scale": [0.75, 0.75, 0.75]
		}
	},
	"groups": [
		{
			"name": "Shadow",
			"origin": [8, 8, 8],
			"children": [0, 1]
		},
		{
			"name": "Leaves",
			"origin": [8, 8, 8],
			"children": [
				{
					"name": "1",
					"origin": [8, 8, 8],
					"children": [2, 3, 4, 5, 6, 7, 8]
				},
				{
					"name": "2",
					"origin": [8, 8, 8],
					"children": [9, 10, 11, 12, 13, 14, 15]
				},
				{
					"name": "3",
					"origin": [8, 8, 8],
					"children": [16, 17, 18, 19, 20, 21, 22]
				},
				{
					"name": "4",
					"origin": [8, 8, 8],
					"children": [23, 24, 25, 26, 27, 28, 29]
				},
				{
					"name": "5",
					"origin": [8, 8, 8],
					"children": [30, 31, 32, 33, 34, 35, 36]
				},
				{
					"name": "6",
					"origin": [8, 8, 8],
					"children": [37, 38, 39, 40, 41, 42, 43]
				}
			]
		},
		{
			"name": "Leaves",
			"origin": [8, 8, 8],
			"children": [
				{
					"name": "1",
					"origin": [8, 8, 8],
					"children": [44, 45, 46, 47, 48, 49, 50]
				},
				{
					"name": "2",
					"origin": [8, 8, 8],
					"children": [51, 52, 53, 54, 55, 56, 57]
				},
				{
					"name": "3",
					"origin": [8, 8, 8],
					"children": [58, 59, 60, 61, 62, 63, 64]
				},
				{
					"name": "4",
					"origin": [8, 8, 8],
					"children": [65, 66, 67, 68, 69, 70, 71]
				},
				{
					"name": "5",
					"origin": [8, 8, 8],
					"children": [72, 73, 74, 75, 76, 77, 78]
				},
				{
					"name": "6",
					"origin": [8, 8, 8],
					"children": [79, 80, 81, 82, 83, 84, 85]
				}
			]
		},
		{
			"name": "Flower",
			"origin": [8, 8, 8],
			"children": [86, 87, 88, 89, 90, 91,
				{
					"name": "1",
					"origin": [8, 8, 8],
					"children": [92, 93, 94, 95, 96]
				},
				{
					"name": "2",
					"origin": [8, 8, 8],
					"children": [97, 98, 99, 100, 101]
				},
				{
					"name": "3",
					"origin": [8, 8, 8],
					"children": [102, 103, 104, 105, 106]
				},
				{
					"name": "4",
					"origin": [8, 8, 8],
					"children": [107, 108, 109, 110, 111]
				},
				{
					"name": "5",
					"origin": [8, 8, 8],
					"children": [112, 113, 114, 115, 116]
				},
				{
					"name": "6",
					"origin": [8, 8, 8],
					"children": [117, 118, 119, 120, 121]
				},
				{
					"name": "7",
					"origin": [8, 8, 8],
					"children": [122, 123, 124, 125, 126]
				},
				{
					"name": "8",
					"origin": [8, 8, 8],
					"children": [127, 128, 129, 130, 131]
				}
			]
		}
	]
}